"year","teamid","rank","games","wins","loses","WSWin","runs","at_basts","hits","doubles","triples","home_runs","walks","strikeouts","stolen_bases","caught_stealing","sacrifice_flies","runs_against","earned_runs","earned_run_average","errors","fielding_percentage"
1985,"ATL",5,162,66,96,"N",632,5526,1359,213,28,126,553,849,72,"52","",781,678,4.19,159,0.976
1985,"BAL",4,161,83,78,"N",818,5517,1451,234,22,214,604,908,69,"43","",764,694,4.38,115,0.98
1985,"BOS",5,163,81,81,"N",800,5720,1615,292,31,162,562,816,66,"27","",720,659,4.06,145,0.977
1985,"CAL",2,162,90,72,"N",732,5442,1364,215,31,153,648,902,106,"51","",703,633,3.91,112,0.982
1985,"CHA",3,163,85,77,"N",736,5470,1386,247,37,146,471,843,108,"56","",720,656,4.07,111,0.982
1985,"CHN",4,162,77,84,"N",686,5492,1397,239,28,150,562,937,182,"49","",729,667,4.16,134,0.979
1985,"CIN",2,162,89,72,"N",677,5431,1385,249,34,114,576,856,159,"70","",666,598,3.71,121,0.98
1985,"CLE",7,162,60,102,"N",729,5527,1465,254,31,116,492,817,132,"72","",861,775,4.91,141,0.977
1985,"DET",3,161,84,77,"N",729,5575,1413,254,45,202,526,926,75,"41","",688,612,3.78,141,0.977
1985,"HOU",3,162,83,79,"N",706,5582,1457,261,42,121,477,873,96,"56","",691,593,3.66,152,0.976
1985,"KCA",1,162,91,71,"Y",687,5500,1384,261,49,154,473,840,128,"48","",639,567,3.49,127,0.98
1985,"LAN",1,162,95,67,"N",682,5502,1434,226,28,129,539,846,136,"58","",579,482,2.96,166,0.974
1985,"MIN",4,162,77,85,"N",705,5509,1453,282,41,141,502,779,68,"44","",782,710,4.48,120,0.98
1985,"ML4",6,161,71,90,"N",690,5568,1467,250,44,101,462,746,69,"34","",802,701,4.39,142,0.977
1985,"MON",3,161,84,77,"N",633,5429,1342,242,49,118,492,880,169,"77","",636,575,3.55,121,0.981
1985,"NYA",2,161,97,64,"N",839,5458,1458,272,31,176,620,771,155,"53","",660,590,3.69,123,0.979
1985,"NYN",2,162,98,64,"N",695,5549,1425,239,35,134,546,872,117,"53","",568,514,3.11,115,0.982
1985,"OAK",4,162,77,85,"N",757,5581,1475,230,34,155,508,861,117,"58","",787,712,4.41,140,0.977
1985,"PHI",5,162,75,87,"N",667,5477,1343,238,47,141,527,1095,122,"51","",673,592,3.68,139,0.978
1985,"PIT",6,161,57,104,"N",568,5436,1340,251,28,80,514,842,110,"60","",708,637,3.97,133,0.979
1985,"SDN",3,162,83,79,"N",650,5507,1405,241,28,109,513,809,60,"39","",622,548,3.4,124,0.98
1985,"SEA",6,162,74,88,"N",719,5521,1410,277,38,171,564,942,94,"35","",818,745,4.68,122,0.98
1985,"SFN",6,162,62,100,"N",556,5420,1263,217,31,115,488,962,99,"55","",674,581,3.61,144,0.977
1985,"SLN",1,162,101,61,"N",747,5467,1446,245,59,87,586,853,314,"96","",572,504,3.1,108,0.983
1985,"TEX",7,161,62,99,"N",617,5361,1359,213,41,129,530,819,130,"76","",785,715,4.56,119,0.98
1985,"TOR",1,161,99,62,"N",759,5508,1482,281,53,158,503,807,144,"77","",588,533,3.31,125,0.98
1986,"ATL",6,161,72,89,"N",615,5384,1348,241,24,138,538,904,93,"76","",719,628,3.97,141,0.978
1986,"BAL",7,162,73,89,"N",708,5524,1425,223,13,169,563,862,64,"34","",760,686,4.3,135,0.978
1986,"BOS",1,161,95,66,"N",794,5498,1488,320,21,144,595,707,41,"34","",696,624,3.93,129,0.979
1986,"CAL",1,162,92,70,"N",786,5433,1387,236,36,167,671,860,109,"42","",684,621,3.84,107,0.983
1986,"CHA",5,162,72,90,"N",644,5406,1335,197,34,121,487,940,115,"54","",699,630,3.93,117,0.981
1986,"CHN",5,160,70,90,"N",680,5499,1409,258,27,155,508,966,132,"62","",781,721,4.49,124,0.98
1986,"CIN",2,162,86,76,"N",732,5536,1404,237,35,144,586,920,177,"53","",717,638,3.91,140,0.978
1986,"CLE",5,163,84,78,"N",831,5702,1620,270,45,157,456,944,141,"54","",841,736,4.58,156,0.975
1986,"DET",3,162,87,75,"N",798,5512,1447,234,30,198,613,885,138,"58","",714,645,4.02,108,0.982
1986,"HOU",1,162,96,66,"N",654,5441,1388,244,32,125,536,916,163,"75","",569,510,3.15,130,0.978
1986,"KCA",3,162,76,86,"N",654,5561,1403,264,45,137,474,919,97,"46","",673,611,3.82,123,0.98
1986,"LAN",5,162,73,89,"N",638,5471,1373,232,14,130,478,966,155,"67","",679,607,3.76,179,0.972
1986,"MIN",6,162,71,91,"N",741,5531,1446,257,39,196,501,977,81,"61","",839,759,4.77,118,0.98
1986,"ML4",6,161,77,84,"N",667,5461,1393,255,38,127,530,986,100,"50","",734,638,4.01,146,0.976
1986,"MON",4,161,78,83,"N",637,5508,1401,255,50,110,537,1016,193,"95","",688,616,3.78,133,0.979
1986,"NYA",2,162,90,72,"N",797,5570,1512,275,23,188,645,911,139,"48","",738,659,4.11,127,0.979
1986,"NYN",1,162,108,54,"Y",783,5558,1462,261,31,148,631,968,118,"48","",578,513,3.11,138,0.978
1986,"OAK",3,162,76,86,"N",731,5435,1370,213,25,163,553,983,139,"61","",760,686,4.31,135,0.978
1986,"PHI",2,161,86,75,"N",739,5483,1386,266,39,154,589,1154,153,"59","",713,621,3.85,137,0.978
1986,"PIT",6,162,64,98,"N",663,5456,1366,273,33,111,569,929,152,"84","",700,628,3.9,142,0.978
1986,"SDN",4,162,74,88,"N",656,5515,1442,239,25,136,484,917,96,"68","",723,640,3.99,135,0.978
1986,"SEA",7,162,67,95,"N",718,5498,1392,243,41,158,572,1148,93,"76","",835,743,4.65,156,0.975
1986,"SFN",3,162,83,79,"N",698,5501,1394,269,29,114,536,1087,148,"93","",618,540,3.33,143,0.977
1986,"SLN",3,161,79,82,"N",601,5378,1270,216,48,58,568,905,262,"78","",611,549,3.37,123,0.981
1986,"TEX",2,162,87,75,"N",771,5529,1479,248,43,184,511,1088,103,"85","",743,662,4.11,120,0.98
1986,"TOR",4,163,86,76,"N",809,5716,1540,285,35,181,496,848,110,"59","",733,669,4.08,100,0.984
1987,"ATL",5,161,69,92,"N",747,5428,1401,284,24,152,641,834,135,"68","",829,734,4.63,116,0.982
1987,"BAL",6,162,67,95,"N",729,5576,1437,219,20,211,524,939,69,"45","",880,801,5.01,109,0.982
1987,"BOS",5,162,78,84,"N",842,5586,1554,273,26,174,606,825,77,"45","",825,761,4.77,110,0.982
1987,"CAL",6,162,75,87,"N",770,5570,1406,257,26,172,590,926,125,"44","",803,709,4.38,117,0.981
1987,"CHA",5,162,77,85,"N",748,5538,1427,283,36,173,487,971,138,"52","",746,691,4.3,115,0.981
1987,"CHN",6,161,76,85,"N",720,5583,1475,244,33,209,504,1064,109,"48","",801,725,4.55,130,0.979
1987,"CIN",2,162,84,78,"N",783,5560,1478,262,29,192,514,928,169,"46","",752,684,4.24,128,0.979
1987,"CLE",7,162,61,101,"N",742,5606,1476,267,30,187,489,977,140,"54","",957,834,5.28,152,0.975
1987,"DET",1,162,98,64,"N",896,5649,1535,274,32,225,653,913,106,"50","",735,650,4.02,122,0.98
1987,"HOU",3,162,76,86,"N",648,5485,1386,238,28,122,526,936,162,"46","",678,615,3.84,115,0.981
1987,"KCA",2,162,83,79,"N",715,5499,1443,239,40,168,523,1034,125,"43","",691,611,3.86,131,0.979
1987,"LAN",4,162,73,89,"N",635,5517,1389,236,23,125,445,923,128,"59","",675,601,3.72,155,0.975
1987,"MIN",1,162,85,77,"Y",786,5441,1422,258,35,196,523,898,113,"65","",806,734,4.63,98,0.984
1987,"ML4",3,162,91,71,"N",862,5625,1552,272,46,163,598,1040,176,"74","",817,752,4.62,145,0.976
1987,"MON",3,162,91,71,"N",741,5527,1467,310,39,120,501,918,166,"74","",720,632,3.92,147,0.976
1987,"NYA",4,162,89,73,"N",788,5511,1445,239,16,196,604,949,105,"43","",758,701,4.36,102,0.983
1987,"NYN",2,162,92,70,"N",823,5601,1499,287,34,192,592,1012,159,"49","",698,620,3.84,137,0.978
1987,"OAK",3,162,81,81,"N",806,5511,1432,263,33,199,593,1056,140,"63","",789,694,4.32,142,0.977
1987,"PHI",4,162,80,82,"N",702,5475,1390,248,51,169,587,1109,111,"49","",749,673,4.18,121,0.98
1987,"PIT",4,162,80,82,"N",723,5536,1464,282,45,131,535,914,140,"58","",744,674,4.2,123,0.98
1987,"SDN",6,162,65,97,"N",668,5456,1419,209,48,113,577,992,198,"91","",763,680,4.27,146,0.976
1987,"SEA",4,162,78,84,"N",760,5508,1499,282,48,161,500,863,174,"73","",801,713,4.49,121,0.98
1987,"SFN",1,162,90,72,"N",783,5608,1458,274,32,205,511,1094,126,"97","",669,601,3.68,129,0.98
1987,"SLN",1,162,95,67,"N",798,5500,1449,252,49,94,644,933,248,"72","",693,637,3.91,116,0.982
1987,"TEX",6,162,75,87,"N",823,5564,1478,264,35,194,567,1081,120,"71","",849,743,4.63,148,0.976
1987,"TOR",2,162,96,66,"N",845,5635,1514,277,38,215,555,970,126,"50","",655,604,3.74,111,0.982
1988,"ATL",6,160,54,106,"N",555,5440,1319,228,28,96,432,848,95,"69","",741,657,4.09,151,0.976
1988,"BAL",7,161,54,107,"N",550,5358,1275,199,20,137,504,869,69,"44","",789,714,4.54,118,0.981
1988,"BOS",1,162,89,73,"N",813,5545,1569,310,39,124,623,728,65,"36","",689,629,3.97,93,0.984
1988,"CAL",4,162,75,87,"N",714,5582,1458,258,31,124,469,819,86,"52","",771,698,4.32,135,0.979
1988,"CHA",5,161,71,90,"N",631,5449,1327,224,35,132,446,908,98,"46","",757,659,4.12,154,0.976
1988,"CHN",4,163,77,85,"N",660,5675,1481,262,46,113,403,910,120,"46","",694,625,3.84,125,0.98
1988,"CIN",2,161,87,74,"N",641,5426,1334,246,25,122,479,922,207,"56","",596,542,3.35,121,0.98
1988,"CLE",6,162,78,84,"N",666,5505,1435,235,28,134,416,866,97,"50","",731,663,4.16,124,0.98
1988,"DET",2,162,88,74,"N",703,5433,1358,213,28,143,588,841,87,"42","",658,596,3.71,109,0.982
1988,"HOU",5,162,82,80,"N",617,5494,1338,239,31,96,474,840,198,"71","",631,558,3.41,138,0.978
1988,"KCA",3,161,84,77,"N",704,5469,1419,275,40,121,486,944,137,"54","",648,579,3.65,124,0.98
1988,"LAN",1,162,94,67,"Y",628,5431,1346,217,25,99,437,947,131,"46","",544,481,2.96,142,0.977
1988,"MIN",2,162,91,71,"N",759,5510,1508,294,31,151,528,832,107,"63","",672,625,3.93,83,0.986
1988,"ML4",3,162,87,75,"N",682,5488,1409,258,26,113,439,911,159,"55","",616,555,3.45,120,0.981
1988,"MON",3,163,81,81,"N",628,5573,1400,260,48,107,454,1053,189,"89","",592,507,3.08,142,0.978
1988,"NYA",5,161,85,76,"N",772,5592,1469,272,12,148,588,935,146,"39","",748,689,4.26,134,0.978
1988,"NYN",1,160,100,60,"N",703,5408,1387,251,24,152,544,842,140,"51","",532,465,2.91,115,0.981
1988,"OAK",1,162,104,58,"N",800,5602,1474,251,22,156,580,926,129,"54","",620,569,3.44,105,0.983
1988,"PHI",6,162,65,96,"N",597,5403,1294,246,31,106,489,981,112,"49","",734,659,4.14,145,0.976
1988,"PIT",2,160,85,75,"N",651,5379,1327,240,45,110,553,947,119,"60","",616,555,3.47,124,0.98
1988,"SDN",3,161,83,78,"N",594,5366,1325,205,35,94,494,892,123,"50","",583,528,3.28,116,0.981
1988,"SEA",7,161,68,93,"N",664,5436,1397,271,27,148,461,787,95,"61","",744,658,4.15,123,0.98
1988,"SFN",4,162,83,79,"N",670,5450,1353,227,44,113,550,1023,121,"78","",626,551,3.39,129,0.98
1988,"SLN",5,162,76,86,"N",578,5518,1373,207,33,71,484,827,234,"64","",633,567,3.47,121,0.981
1988,"TEX",6,161,70,91,"N",637,5479,1378,227,39,112,542,1022,130,"57","",735,647,4.05,129,0.979
1988,"TOR",3,162,87,75,"N",763,5557,1491,271,47,158,521,935,107,"36","",680,612,3.8,110,0.982
1989,"ATL",6,161,63,97,"N",584,5463,1281,201,22,128,485,996,83,"54","",680,595,3.7,152,0.976
1989,"BAL",2,162,87,75,"N",708,5440,1369,238,33,129,593,957,118,"55","",686,644,4.0,87,0.986
1989,"BOS",3,162,83,79,"N",774,5666,1571,326,30,108,643,755,56,"35","",735,651,4.01,127,0.98
1989,"CAL",3,162,91,71,"N",669,5545,1422,208,37,145,429,1011,89,"40","",578,530,3.28,96,0.985
1989,"CHA",7,161,69,92,"N",693,5504,1493,262,36,94,464,873,97,"52","",750,668,4.23,151,0.975
1989,"CHN",1,162,93,69,"N",702,5513,1438,235,45,124,472,921,136,"57","",623,556,3.43,119,0.981
1989,"CIN",5,162,75,87,"N",632,5520,1362,243,28,128,493,1028,128,"71","",691,607,3.73,121,0.98
1989,"CLE",6,162,73,89,"N",604,5463,1340,221,26,127,499,934,74,"51","",654,589,3.65,118,0.981
1989,"DET",7,162,59,103,"N",617,5432,1315,198,24,116,585,899,103,"50","",816,718,4.53,130,0.979
1989,"HOU",3,162,86,76,"N",647,5516,1316,239,28,97,530,860,144,"62","",669,598,3.64,140,0.977
1989,"KCA",2,162,92,70,"N",690,5475,1428,227,41,101,554,897,154,"51","",635,572,3.55,111,0.982
1989,"LAN",4,160,77,83,"N",554,5465,1313,241,17,89,507,885,81,"54","",536,480,2.95,118,0.981
1989,"MIN",5,162,80,82,"N",740,5581,1542,278,35,117,478,743,111,"53","",738,680,4.28,107,0.982
1989,"ML4",4,162,81,81,"N",707,5473,1415,235,32,126,455,791,165,"62","",679,605,3.8,155,0.975
1989,"MON",4,162,81,81,"N",632,5482,1353,267,30,100,572,958,160,"70","",630,568,3.48,136,0.979
1989,"NYA",5,161,74,87,"N",698,5458,1470,229,23,130,502,831,137,"60","",792,707,4.5,122,0.98
1989,"NYN",2,162,87,75,"N",683,5489,1351,280,21,147,504,934,158,"53","",595,532,3.29,144,0.976
1989,"OAK",1,162,99,63,"Y",712,5416,1414,220,25,127,562,855,157,"55","",576,497,3.09,129,0.979
1989,"PHI",6,163,67,95,"N",629,5447,1324,215,36,123,558,926,106,"50","",735,643,4.04,133,0.979
1989,"PIT",5,164,74,88,"N",637,5539,1334,263,53,95,563,914,155,"69","",680,601,3.64,160,0.975
1989,"SDN",2,162,89,73,"N",642,5422,1360,215,32,120,552,1013,136,"67","",626,547,3.38,152,0.976
1989,"SEA",6,162,73,89,"N",694,5512,1417,237,29,134,489,838,81,"55","",728,639,4.0,143,0.977
1989,"SFN",1,162,92,70,"N",699,5469,1365,241,52,141,508,1071,87,"54","",600,534,3.3,113,0.982
1989,"SLN",3,164,86,76,"N",632,5492,1418,263,47,73,507,848,155,"54","",608,545,3.36,111,0.983
1989,"TEX",4,162,83,79,"N",695,5458,1433,260,46,122,503,989,101,"49","",714,623,3.91,136,0.978
1989,"TOR",1,162,89,73,"N",731,5581,1449,265,40,142,521,923,144,"58","",651,584,3.58,126,0.98
1990,"ATL",6,162,65,97,"N",682,5504,1376,263,26,162,473,1010,92,"55","",821,727,4.58,158,0.974
1990,"BAL",5,161,76,85,"N",669,5410,1328,234,22,132,660,962,94,"52","",698,644,4.04,91,0.985
1990,"BOS",1,162,88,74,"N",699,5516,1502,298,31,106,598,795,53,"52","",664,596,3.72,123,0.98
1990,"CAL",4,162,80,82,"N",690,5570,1448,237,27,147,566,1000,69,"43","",706,612,3.79,140,0.977
1990,"CHA",2,162,94,68,"N",682,5402,1393,251,44,106,478,903,140,"90","",633,581,3.61,124,0.98
1990,"CHN",4,162,77,85,"N",690,5600,1474,240,36,136,406,869,151,"50","",774,695,4.34,122,0.98
1990,"CIN",1,162,91,71,"Y",693,5525,1466,284,40,125,466,913,166,"66","",597,548,3.39,102,0.983
1990,"CLE",4,162,77,85,"N",732,5485,1465,266,41,110,458,836,107,"52","",737,675,4.26,117,0.981
1990,"DET",3,162,79,83,"N",750,5479,1418,241,32,172,634,952,82,"57","",754,698,4.39,131,0.979
1990,"HOU",4,162,75,87,"N",573,5379,1301,209,32,94,548,997,179,"83","",656,582,3.61,131,0.978
1990,"KCA",6,161,75,86,"N",707,5488,1465,316,44,100,498,879,107,"62","",709,620,3.93,122,0.98
1990,"LAN",2,162,86,76,"N",728,5491,1436,222,27,129,538,952,141,"65","",685,596,3.72,130,0.979
1990,"MIN",7,162,74,88,"N",666,5499,1458,281,39,100,445,749,96,"53","",729,657,4.12,101,0.983
1990,"ML4",6,162,74,88,"N",732,5503,1408,247,36,128,519,821,164,"72","",760,655,4.08,149,0.976
1990,"MON",3,162,85,77,"N",662,5453,1363,227,43,114,576,1024,235,"99","",598,552,3.37,110,0.982
1990,"NYA",7,162,67,95,"N",603,5483,1322,208,19,147,427,1027,119,"45","",749,675,4.21,126,0.98
1990,"NYN",2,162,91,71,"N",775,5504,1410,278,21,172,536,851,110,"33","",613,547,3.42,132,0.978
1990,"OAK",1,162,103,59,"N",733,5433,1379,209,22,164,651,992,141,"54","",570,514,3.18,87,0.986
1990,"PHI",4,162,77,85,"N",646,5535,1410,237,27,103,582,915,108,"35","",729,655,4.07,117,0.981
1990,"PIT",1,162,95,67,"N",733,5388,1395,288,42,138,582,914,137,"52","",619,547,3.4,134,0.979
1990,"SDN",4,162,75,87,"N",673,5554,1429,243,35,123,509,902,138,"59","",673,597,3.68,141,0.977
1990,"SEA",5,162,77,85,"N",640,5474,1419,251,26,107,596,749,105,"51","",680,592,3.69,130,0.979
1990,"SFN",3,162,85,77,"N",719,5573,1459,221,35,152,488,973,109,"56","",710,656,4.08,107,0.983
1990,"SLN",6,162,70,92,"N",599,5462,1398,255,41,73,517,844,221,"74","",698,620,3.87,129,0.979
1990,"TEX",3,162,83,79,"N",676,5469,1416,257,27,110,575,1054,115,"48","",696,615,3.83,133,0.979
1990,"TOR",2,162,86,76,"N",767,5589,1479,263,50,167,526,970,111,"52","",661,620,3.84,86,0.986
1991,"ATL",1,162,94,68,"N",749,5456,1407,255,30,141,563,906,165,"76","",644,563,3.49,138,0.978
1991,"BAL",6,162,67,95,"N",686,5604,1421,256,29,170,528,974,50,"33","",796,743,4.59,89,0.986
1991,"BOS",2,162,84,78,"N",731,5530,1486,305,25,126,593,820,59,"39","",712,641,4.01,116,0.981
1991,"CAL",7,162,81,81,"N",653,5470,1396,245,29,115,448,928,94,"56","",649,591,3.69,102,0.984
1991,"CHA",2,162,87,75,"N",758,5594,1464,226,39,139,610,896,134,"74","",681,622,3.79,116,0.982
1991,"CHN",4,160,77,83,"N",695,5522,1395,232,26,159,442,879,123,"64","",734,652,4.03,113,0.982
1991,"CIN",5,162,74,88,"N",689,5501,1419,250,27,164,488,1006,124,"56","",691,613,3.83,125,0.979
1991,"CLE",7,162,57,105,"N",576,5470,1390,236,26,79,449,888,84,"58","",759,677,4.23,142,0.976
1991,"DET",2,162,84,78,"N",817,5547,1372,259,26,209,699,1185,109,"47","",794,727,4.51,104,0.983
1991,"HOU",6,162,65,97,"N",605,5504,1345,240,43,79,502,1027,125,"68","",717,646,4.0,161,0.974
1991,"KCA",6,162,82,80,"N",727,5584,1475,290,41,117,523,969,119,"68","",722,639,3.92,125,0.98
1991,"LAN",2,162,93,69,"N",665,5408,1366,191,29,108,583,957,126,"68","",565,496,3.06,123,0.98
1991,"MIN",1,162,95,67,"Y",776,5556,1557,270,42,140,526,747,107,"68","",652,594,3.69,94,0.985
1991,"ML4",4,162,83,79,"N",799,5611,1523,247,53,116,556,802,106,"68","",744,673,4.14,118,0.981
1991,"MON",6,161,71,90,"N",579,5412,1329,236,42,95,484,1056,221,"100","",655,582,3.64,131,0.979
1991,"NYA",5,162,71,91,"N",674,5541,1418,249,19,147,473,861,109,"36","",777,709,4.42,133,0.979
1991,"NYN",5,161,77,84,"N",640,5359,1305,250,24,117,578,789,153,"70","",646,568,3.56,143,0.977
1991,"OAK",4,162,84,78,"N",760,5410,1342,246,19,159,642,981,151,"64","",776,733,4.57,107,0.982
1991,"PHI",3,162,78,84,"N",629,5521,1332,248,33,111,490,1026,92,"30","",680,627,3.86,116,0.981
1991,"PIT",1,162,98,64,"N",768,5449,1433,259,50,126,620,901,124,"46","",632,557,3.44,120,0.981
1991,"SDN",3,162,84,78,"N",636,5408,1321,204,36,121,501,1069,101,"64","",646,576,3.57,113,0.982
1991,"SEA",5,162,83,79,"N",702,5494,1400,268,29,126,588,811,97,"44","",674,617,3.79,110,0.983
1991,"SFN",4,162,75,87,"N",649,5463,1345,215,48,141,471,973,95,"57","",697,646,4.03,108,0.982
1991,"SLN",2,162,84,78,"N",651,5362,1366,239,53,68,532,857,202,"110","",648,588,3.69,105,0.983
1991,"TEX",3,162,85,77,"N",829,5703,1539,288,31,177,596,1039,102,"50","",814,735,4.47,134,0.979
1991,"TOR",1,162,91,71,"N",684,5489,1412,295,45,133,499,1043,148,"53","",622,569,3.5,127,0.98
1992,"ATL",1,162,98,64,"N",682,5480,1391,223,48,138,493,924,126,"60","",569,509,3.14,109,0.982
1992,"BAL",3,162,89,73,"N",705,5485,1423,243,36,148,647,827,89,"48","",656,617,3.79,93,0.985
1992,"BOS",7,162,73,89,"N",599,5461,1343,259,21,84,591,865,44,"48","",669,576,3.58,139,0.978
1992,"CAL",5,162,72,90,"N",579,5364,1306,202,20,88,416,882,160,"101","",671,617,3.84,134,0.979
1992,"CHA",3,162,86,76,"N",738,5498,1434,269,36,110,622,784,160,"57","",690,620,3.82,129,0.979
1992,"CHN",4,162,78,84,"N",593,5590,1420,221,41,104,417,816,77,"51","",624,553,3.39,114,0.982
1992,"CIN",2,162,90,72,"N",660,5460,1418,281,44,99,563,888,125,"65","",609,557,3.46,96,0.984
1992,"CLE",4,162,76,86,"N",674,5620,1495,227,24,127,448,885,144,"67","",746,671,4.11,141,0.978
1992,"DET",6,162,75,87,"N",791,5515,1411,256,16,182,675,1055,66,"45","",794,733,4.6,116,0.981
1992,"HOU",4,162,81,81,"N",608,5480,1350,255,38,96,506,1025,139,"54","",668,603,3.72,112,0.982
1992,"KCA",5,162,72,90,"N",610,5501,1411,284,42,75,439,741,131,"71","",667,613,3.81,122,0.98
1992,"LAN",6,162,63,99,"N",548,5368,1333,201,34,72,503,899,142,"78","",636,545,3.41,173,0.973
1992,"MIN",2,162,90,72,"N",747,5582,1544,275,27,104,527,834,123,"74","",653,597,3.7,94,0.985
1992,"ML4",2,162,92,70,"N",740,5504,1477,272,35,82,511,779,256,"115","",604,555,3.43,89,0.986
1992,"MON",2,162,87,75,"N",648,5477,1381,263,37,102,463,976,196,"63","",581,530,3.25,124,0.98
1992,"NYA",4,162,76,86,"N",733,5593,1462,281,18,163,536,903,78,"37","",746,679,4.21,112,0.982
1992,"NYN",5,162,72,90,"N",599,5340,1254,259,17,93,572,956,129,"52","",653,588,3.66,116,0.981
1992,"OAK",1,162,96,66,"N",745,5387,1389,219,24,142,707,831,143,"59","",672,600,3.73,125,0.979
1992,"PHI",6,162,70,92,"N",686,5500,1392,255,36,118,509,1059,127,"31","",717,652,4.11,131,0.978
1992,"PIT",1,162,96,66,"N",693,5527,1409,272,54,106,569,872,110,"53","",595,551,3.35,101,0.984
1992,"SDN",3,162,82,80,"N",617,5476,1396,255,30,135,453,864,69,"52","",636,578,3.56,115,0.982
1992,"SEA",7,162,64,98,"N",679,5564,1466,278,24,149,474,841,100,"55","",799,731,4.55,112,0.982
1992,"SFN",5,162,72,90,"N",574,5456,1330,220,36,105,435,1067,112,"64","",647,586,3.61,111,0.982
1992,"SLN",3,162,83,79,"N",631,5594,1464,262,44,94,495,996,208,"118","",604,556,3.38,91,0.985
1992,"TEX",4,162,77,85,"N",682,5537,1387,266,23,159,550,1036,81,"44","",753,663,4.09,153,0.975
1992,"TOR",1,162,96,66,"Y",780,5536,1458,265,40,163,561,933,129,"39","",682,626,3.91,93,0.985
1993,"ATL",1,162,104,58,"N",767,5515,1444,239,29,169,560,946,125,"48","",559,508,3.14,108,0.983
1993,"BAL",3,162,85,77,"N",786,5508,1470,287,24,157,655,930,73,"54","",745,691,4.31,100,0.984
1993,"BOS",5,162,80,82,"N",686,5496,1451,319,29,114,508,871,73,"38","",698,608,3.77,122,0.98
1993,"CAL",5,162,71,91,"N",684,5391,1399,259,24,114,564,930,169,"100","",770,690,4.34,120,0.98
1993,"CHA",1,162,94,68,"N",776,5483,1454,228,44,162,604,834,106,"57","",664,598,3.7,112,0.982
1993,"CHN",4,163,84,78,"N",738,5627,1521,259,32,161,446,923,100,"43","",739,673,4.18,115,0.982
1993,"CIN",5,162,73,89,"N",722,5517,1457,261,28,137,485,1025,142,"59","",785,719,4.51,120,0.98
1993,"CLE",6,162,76,86,"N",790,5619,1547,264,31,141,488,843,159,"55","",813,735,4.58,148,0.976
1993,"COL",6,162,67,95,"N",758,5517,1507,278,59,142,388,944,146,"90","",967,860,5.41,167,0.973
1993,"DET",3,162,85,77,"N",899,5620,1546,282,38,178,765,1122,104,"63","",837,742,4.65,132,0.979
1993,"FLO",6,162,64,98,"N",581,5475,1356,197,31,94,498,1054,117,"56","",724,661,4.13,122,0.98
1993,"HOU",3,162,85,77,"N",716,5464,1459,288,37,138,497,911,103,"60","",630,559,3.49,125,0.979
1993,"KCA",3,162,84,78,"N",675,5522,1455,294,35,125,428,936,100,"75","",694,649,4.04,96,0.984
1993,"LAN",4,162,81,81,"N",675,5588,1458,234,28,130,492,937,126,"61","",662,572,3.5,132,0.979
1993,"MIN",5,162,71,91,"N",693,5601,1480,261,27,121,493,850,83,"59","",830,756,4.71,100,0.984
1993,"ML4",7,162,69,93,"N",733,5525,1426,240,25,125,555,932,138,"93","",792,715,4.45,131,0.979
1993,"MON",2,163,94,68,"N",732,5493,1410,270,36,122,542,860,228,"56","",682,574,3.55,159,0.975
1993,"NYA",2,162,88,74,"N",821,5615,1568,294,24,178,629,910,39,"35","",761,695,4.35,101,0.984
1993,"NYN",7,162,59,103,"N",672,5448,1350,228,37,158,448,879,79,"50","",744,647,4.05,156,0.975
1993,"OAK",7,162,68,94,"N",715,5543,1408,260,21,158,622,1048,131,"59","",846,791,4.9,111,0.982
1993,"PHI",1,162,97,65,"N",877,5685,1555,297,51,156,665,1049,91,"32","",740,646,3.95,141,0.977
1993,"PIT",5,162,75,87,"N",707,5549,1482,267,50,110,536,972,92,"55","",806,766,4.77,105,0.983
1993,"SDN",7,162,61,101,"N",679,5503,1386,239,28,153,443,1046,92,"41","",772,675,4.23,160,0.974
1993,"SEA",4,162,82,80,"N",734,5494,1429,272,24,161,624,901,91,"68","",731,678,4.2,90,0.985
1993,"SFN",2,162,103,59,"N",808,5557,1534,269,33,168,516,930,120,"65","",636,584,3.61,101,0.984
1993,"SLN",3,162,87,75,"N",758,5551,1508,262,34,118,588,882,153,"72","",744,660,4.09,159,0.975
1993,"TEX",2,162,86,76,"N",835,5510,1472,284,39,181,483,984,113,"67","",751,684,4.28,130,0.979
1993,"TOR",1,162,95,67,"Y",847,5579,1556,317,42,159,588,861,170,"49","",742,674,4.21,107,0.982
1994,"ATL",2,114,68,46,"",542,3861,1031,198,18,137,377,668,48,"31","",448,407,3.57,81,0.982
1994,"BAL",2,112,63,49,"",589,3856,1047,185,20,139,438,655,69,"13","",497,477,4.31,57,0.986
1994,"BOS",4,115,54,61,"",552,3940,1038,222,19,120,404,723,81,"38","",621,564,4.93,81,0.981
1994,"CAL",4,115,47,68,"",543,3943,1042,178,16,120,402,715,65,"54","",660,618,5.42,76,0.983
1994,"CHA",1,113,67,46,"",633,3942,1133,175,39,121,497,568,77,"27","",498,444,3.95,79,0.981
1994,"CHN",5,113,49,64,"",500,3918,1015,189,26,109,364,750,69,"53","",549,508,4.47,81,0.982
1994,"CIN",1,115,66,48,"",609,3999,1142,211,36,124,388,738,119,"51","",490,436,3.78,73,0.983
1994,"CLE",2,113,66,47,"",679,4022,1165,240,20,167,382,629,131,"48","",562,493,4.36,90,0.98
1994,"COL",3,117,53,64,"",573,4006,1098,206,39,125,378,761,91,"53","",638,590,5.15,84,0.981
1994,"DET",5,115,53,62,"",652,3955,1048,216,25,161,520,897,46,"33","",671,609,5.38,82,0.981
1994,"FLO",5,115,51,64,"",468,3926,1043,180,24,94,349,746,65,"26","",576,508,4.5,95,0.978
1994,"HOU",2,115,66,49,"",602,3955,1099,252,25,120,394,718,124,"44","",503,454,3.97,72,0.984
1994,"KCA",3,115,64,51,"",574,3911,1051,211,38,100,376,698,140,"62","",532,485,4.23,80,0.982
1994,"LAN",1,114,58,56,"",532,3904,1055,160,29,115,366,687,74,"37","",509,477,4.23,88,0.98
1994,"MIN",4,113,53,60,"",594,3952,1092,239,23,103,359,635,94,"30","",688,634,5.68,75,0.982
1994,"ML4",5,115,53,62,"",547,3978,1045,238,21,99,417,680,59,"37","",586,532,4.62,85,0.981
1994,"MON",1,114,74,40,"",585,4000,1111,246,30,108,379,669,137,"36","",454,410,3.56,94,0.979
1994,"NYA",1,113,70,43,"",670,3986,1155,238,16,139,530,660,55,"40","",534,491,4.34,80,0.982
1994,"NYN",3,113,55,58,"",506,3869,966,164,21,117,336,807,25,"26","",526,469,4.13,89,0.98
1994,"OAK",2,114,51,63,"",549,3885,1009,178,13,113,417,686,91,"39","",589,537,4.82,88,0.979
1994,"PHI",4,115,54,61,"",521,3927,1028,208,28,80,396,711,67,"24","",497,438,3.85,94,0.978
1994,"PIT",3,114,53,61,"",466,3864,1001,198,23,80,349,725,53,"25","",580,518,4.64,89,0.981
1994,"SDN",4,117,47,70,"",479,4068,1117,200,19,92,319,762,79,"37","",531,474,4.08,111,0.975
1994,"SEA",3,112,49,63,"",569,3883,1045,211,18,153,372,652,48,"21","",616,546,4.99,95,0.977
1994,"SFN",2,115,55,60,"",504,3869,963,159,32,123,364,719,114,"40","",500,454,3.99,68,0.985
1994,"SLN",3,115,53,61,"",535,3902,1026,213,27,108,434,686,76,"46","",621,581,5.14,80,0.982
1994,"TEX",1,114,52,62,"",613,3983,1114,198,27,124,437,730,82,"35","",697,619,5.45,105,0.976
1994,"TOR",3,115,55,60,"",566,3962,1064,210,30,115,387,691,79,"26","",579,535,4.7,80,0.981
1995,"ATL",1,144,90,54,"Y",645,4814,1202,210,27,168,520,933,73,"43","",540,493,3.44,100,0.982
1995,"BAL",3,144,71,73,"N",704,4837,1267,229,27,173,574,803,92,"45","",640,607,4.31,72,0.986
1995,"BOS",1,144,86,58,"N",791,4997,1399,286,31,175,560,923,99,"44","",698,630,4.39,120,0.978
1995,"CAL",2,145,78,67,"N",801,5019,1390,252,25,186,564,889,58,"39","",697,645,4.52,95,0.982
1995,"CHA",3,145,68,76,"N",755,5060,1417,252,37,146,576,767,110,"39","",758,692,4.85,108,0.98
1995,"CHN",3,144,73,71,"N",693,4963,1315,267,39,158,440,953,105,"37","",671,597,4.13,115,0.979
1995,"CIN",1,144,85,59,"N",747,4903,1326,277,35,161,519,946,190,"68","",623,577,4.03,79,0.986
1995,"CLE",1,144,100,44,"N",840,5028,1461,279,23,207,542,766,132,"53","",607,554,3.83,101,0.982
1995,"COL",2,144,77,67,"N",785,4994,1406,259,43,200,484,943,125,"59","",783,711,4.97,107,0.981
1995,"DET",4,144,60,84,"N",654,4865,1204,228,29,159,551,987,73,"36","",844,778,5.49,106,0.981
1995,"FLO",4,143,67,76,"N",673,4886,1278,214,29,144,517,916,131,"53","",673,610,4.27,115,0.979
1995,"HOU",2,144,76,68,"N",747,5097,1403,260,22,109,566,992,176,"60","",674,595,4.06,121,0.979
1995,"KCA",2,144,70,74,"N",629,4903,1275,240,35,119,475,849,120,"53","",691,643,4.49,90,0.984
1995,"LAN",1,144,78,66,"N",634,4942,1303,191,31,140,468,1023,127,"45","",609,527,3.66,130,0.976
1995,"MIN",5,144,56,88,"N",703,5005,1398,270,34,120,471,916,105,"57","",889,814,5.76,100,0.981
1995,"ML4",4,144,65,79,"N",740,5000,1329,249,42,128,502,800,105,"40","",747,689,4.82,105,0.981
1995,"MON",5,144,66,78,"N",621,4905,1268,265,24,118,400,901,120,"49","",638,586,4.11,109,0.98
1995,"NYA",2,145,79,65,"N",749,4947,1365,280,34,122,625,851,50,"30","",688,651,4.56,73,0.986
1995,"NYN",2,144,69,75,"N",657,4958,1323,218,34,125,446,994,58,"39","",618,557,3.88,115,0.979
1995,"OAK",4,144,67,77,"N",730,4916,1296,228,18,169,565,911,112,"46","",761,697,4.93,101,0.981
1995,"PHI",2,144,69,75,"N",615,4950,1296,263,30,94,497,884,72,"25","",658,603,4.21,96,0.982
1995,"PIT",5,144,58,86,"N",629,4937,1281,245,27,125,456,972,84,"55","",736,666,4.7,121,0.978
1995,"SDN",3,144,70,74,"N",668,4950,1345,231,20,116,447,872,124,"46","",672,589,4.13,108,0.98
1995,"SEA",1,145,79,66,"N",796,4996,1377,276,20,182,549,871,110,"41","",708,644,4.5,104,0.98
1995,"SFN",4,144,67,77,"N",652,4971,1256,229,33,152,472,1060,138,"46","",776,698,4.86,106,0.981
1995,"SLN",4,143,62,81,"N",563,4779,1182,238,24,107,436,920,79,"46","",658,575,4.09,113,0.98
1995,"TEX",3,144,74,70,"N",691,4913,1304,247,24,138,526,877,90,"47","",720,665,4.66,98,0.982
1995,"TOR",5,144,56,88,"N",642,5036,1309,275,27,140,492,906,75,"16","",777,701,4.88,97,0.982
1996,"ATL",1,162,96,66,"N",773,5614,1514,264,28,197,530,1032,83,"43","",648,578,3.54,130,0.98
1996,"BAL",2,163,88,74,"N",949,5689,1557,299,29,257,645,915,76,"40","",903,840,5.15,97,0.984
1996,"BOS",3,162,85,77,"N",928,5756,1631,308,31,209,642,1020,91,"44","",921,810,5.0,135,0.978
1996,"CAL",4,161,70,91,"N",762,5686,1571,256,24,192,527,974,53,"39","",943,849,5.31,128,0.979
1996,"CHA",2,162,85,77,"N",898,5644,1586,284,33,195,701,927,105,"41","",794,735,4.53,109,0.982
1996,"CHN",4,162,76,86,"N",772,5531,1388,267,19,175,523,1090,108,"50","",771,705,4.36,104,0.983
1996,"CIN",3,162,81,81,"N",778,5455,1398,259,36,191,604,1134,171,"63","",773,694,4.33,121,0.98
1996,"CLE",1,161,99,62,"N",952,5681,1665,335,23,218,671,844,160,"50","",769,702,4.35,124,0.98
1996,"COL",3,162,83,79,"N",961,5590,1607,297,37,221,527,1108,201,"66","",964,885,5.6,149,0.976
1996,"DET",5,162,53,109,"N",783,5530,1413,257,21,204,546,1268,87,"50","",1103,1015,6.38,135,0.978
1996,"FLO",3,162,80,82,"N",688,5498,1413,240,30,150,553,1122,99,"46","",703,633,3.95,111,0.982
1996,"HOU",2,162,82,80,"N",753,5508,1445,297,29,129,554,1057,180,"63","",792,704,4.38,138,0.978
1996,"KCA",5,161,75,86,"N",746,5542,1477,286,38,123,529,943,195,"85","",786,733,4.55,111,0.982
1996,"LAN",2,162,90,72,"N",703,5538,1396,215,33,150,516,1190,124,"40","",652,567,3.48,125,0.98
1996,"MIN",4,162,78,84,"N",877,5673,1633,332,47,118,576,958,143,"53","",900,847,5.3,94,0.984
1996,"ML4",3,162,80,82,"N",894,5662,1578,304,40,178,624,986,101,"48","",899,831,5.17,134,0.978
1996,"MON",2,162,88,74,"N",741,5505,1441,297,27,148,492,1077,108,"34","",668,605,3.78,126,0.98
1996,"NYA",1,162,92,70,"Y",871,5628,1621,293,28,162,632,909,96,"46","",787,744,4.65,91,0.985
1996,"NYN",4,162,71,91,"N",746,5618,1515,267,47,147,445,1069,97,"48","",779,675,4.22,157,0.975
1996,"OAK",3,162,78,84,"N",861,5630,1492,283,21,243,640,1114,58,"35","",900,841,5.2,102,0.984
1996,"PHI",5,162,67,95,"N",650,5499,1405,249,39,132,536,1092,117,"41","",790,710,4.49,115,0.981
1996,"PIT",5,162,73,89,"N",776,5665,1509,319,33,138,510,989,126,"49","",833,750,4.64,128,0.98
1996,"SDN",1,162,91,71,"N",771,5655,1499,285,24,147,601,1014,109,"55","",682,617,3.73,118,0.981
1996,"SEA",2,161,85,76,"N",993,5668,1625,343,19,245,670,1052,90,"39","",895,828,5.21,110,0.981
1996,"SFN",4,162,68,94,"N",752,5533,1400,245,21,153,615,1189,113,"53","",862,756,4.72,134,0.978
1996,"SLN",1,162,88,74,"N",759,5502,1468,281,31,142,495,1089,149,"58","",706,642,3.98,125,0.98
1996,"TEX",1,163,90,72,"N",928,5702,1622,323,32,221,660,1041,83,"26","",799,750,4.66,87,0.986
1996,"TOR",4,162,74,88,"N",766,5599,1451,302,35,177,529,1105,116,"38","",809,735,4.58,110,0.982
1997,"ANA",2,162,84,78,"N",829,5628,1531,279,25,161,617,953,126,"72","",794,730,4.52,126,0.98
1997,"ATL",1,162,101,61,"N",791,5528,1490,268,37,174,597,1160,108,"58","",581,518,3.18,114,0.982
1997,"BAL",1,162,98,64,"N",812,5584,1498,264,22,196,586,952,63,"26","",681,635,3.91,97,0.984
1997,"BOS",4,162,78,84,"N",851,5781,1684,373,32,185,514,1044,68,"48","",857,785,4.87,136,0.978
1997,"CHA",2,161,80,81,"N",779,5491,1498,260,28,158,569,901,106,"52","",833,749,4.74,125,0.978
1997,"CHN",5,162,68,94,"N",687,5489,1444,269,39,127,451,1003,116,"60","",759,705,4.44,115,0.98
1997,"CIN",3,162,76,86,"N",651,5484,1386,269,27,142,518,1113,190,"67","",764,712,4.42,106,0.982
1997,"CLE",1,161,86,75,"N",868,5556,1589,301,22,220,617,955,118,"59","",815,749,4.73,108,0.983
1997,"COL",3,162,83,79,"N",923,5603,1611,269,40,239,562,1060,137,"65","",908,835,5.25,111,0.983
1997,"DET",3,162,79,83,"N",784,5481,1415,268,32,176,578,1164,161,"72","",790,732,4.56,91,0.985
1997,"FLO",2,162,92,70,"Y",740,5439,1410,272,28,136,686,1074,115,"58","",669,615,3.83,119,0.981
1997,"HOU",1,162,84,78,"N",777,5502,1427,314,40,133,633,1085,171,"74","",660,595,3.67,131,0.979
1997,"KCA",5,161,67,94,"N",747,5599,1478,256,35,158,561,1061,130,"66","",820,755,4.71,88,0.985
1997,"LAN",2,162,88,74,"N",742,5544,1488,242,33,174,498,1079,131,"64","",645,588,3.63,116,0.981
1997,"MIN",4,162,68,94,"N",772,5634,1522,305,40,132,495,1121,151,"52","",861,800,5.02,100,0.983
1997,"ML4",3,161,78,83,"N",681,5444,1415,294,27,135,494,967,103,"55","",742,670,4.22,125,0.98
1997,"MON",4,162,78,84,"N",691,5526,1423,339,34,172,420,1084,75,"46","",740,666,4.14,131,0.979
1997,"NYA",2,162,96,66,"N",891,5710,1636,325,23,161,676,954,99,"58","",688,626,3.84,105,0.983
1997,"NYN",3,162,88,74,"N",777,5524,1448,274,28,153,550,1029,97,"74","",709,640,3.95,117,0.982
1997,"OAK",4,162,65,97,"N",764,5589,1451,274,23,197,642,1181,71,"36","",946,881,5.49,121,0.98
1997,"PHI",5,162,68,94,"N",668,5443,1390,290,35,116,519,1032,92,"56","",840,768,4.87,105,0.982
1997,"PIT",2,162,79,83,"N",725,5503,1440,291,52,129,481,1161,160,"50","",760,683,4.28,131,0.979
1997,"SDN",4,162,76,86,"N",795,5609,1519,275,16,152,604,1129,140,"60","",891,804,4.99,125,0.98
1997,"SEA",1,162,90,72,"N",925,5614,1574,312,21,264,626,1110,89,"40","",833,770,4.79,123,0.98
1997,"SFN",1,162,90,72,"N",784,5485,1415,266,37,172,642,1120,121,"49","",793,709,4.41,120,0.98
1997,"SLN",4,162,73,89,"N",689,5524,1409,269,39,144,543,1191,164,"60","",708,631,3.9,123,0.98
1997,"TEX",3,162,77,85,"N",807,5651,1547,311,27,187,500,1116,72,"37","",823,744,4.68,122,0.981
1997,"TOR",5,162,76,86,"N",654,5473,1333,275,41,147,487,1138,134,"50","",694,628,3.92,97,0.983
1998,"ANA",2,162,85,77,"N",787,5630,1530,314,27,147,510,1028,93,"45","",783,720,4.49,106,0.983
1998,"ARI",5,162,65,97,"N",665,5491,1353,235,46,159,489,1239,73,"38","",812,738,4.64,100,0.984
1998,"ATL",1,162,106,56,"N",826,5484,1489,297,26,215,548,1062,98,"43","",581,519,3.25,91,0.985
1998,"BAL",4,162,79,83,"N",817,5565,1520,303,11,214,593,903,86,"48","",785,752,4.73,81,0.987
1998,"BOS",2,162,92,70,"N",876,5601,1568,338,35,205,541,1049,72,"39","",729,669,4.19,105,0.983
1998,"CHA",2,163,80,82,"N",861,5585,1516,291,38,198,551,916,127,"46","",931,837,5.24,140,0.977
1998,"CHN",2,163,90,73,"N",831,5649,1494,250,34,212,601,1223,65,"44","",792,739,4.5,101,0.984
1998,"CIN",4,162,77,85,"N",750,5496,1441,298,28,138,608,1107,95,"42","",760,711,4.44,122,0.98
1998,"CLE",1,162,89,73,"N",850,5616,1530,334,30,198,630,1061,143,"60","",779,722,4.45,110,0.982
1998,"COL",4,162,77,85,"N",826,5632,1640,333,36,183,469,949,67,"47","",855,796,5.0,102,0.984
1998,"DET",5,162,65,97,"N",722,5664,1494,306,29,165,455,1070,122,"62","",863,792,4.93,115,0.982
1998,"FLO",5,162,54,108,"N",667,5558,1381,277,36,114,525,1120,115,"57","",923,837,5.2,129,0.979
1998,"HOU",1,162,102,60,"N",874,5641,1578,326,28,166,621,1122,155,"51","",620,572,3.5,108,0.983
1998,"KCA",3,161,72,89,"N",714,5546,1459,274,40,134,475,984,135,"50","",899,823,5.16,125,0.98
1998,"LAN",3,162,83,79,"N",669,5459,1374,209,27,159,447,1056,137,"53","",678,613,3.81,134,0.978
1998,"MIL",5,162,74,88,"N",707,5541,1439,266,17,152,532,1039,81,"59","",812,746,4.63,110,0.982
1998,"MIN",4,162,70,92,"N",734,5641,1499,285,32,115,506,915,112,"54","",818,765,4.76,108,0.982
1998,"MON",4,162,65,97,"N",644,5418,1348,280,32,147,439,1058,91,"46","",783,696,4.39,155,0.975
1998,"NYA",1,162,114,48,"Y",965,5643,1625,290,31,207,653,1025,153,"63","",656,618,3.82,98,0.984
1998,"NYN",2,162,88,74,"N",706,5510,1425,289,24,136,572,1049,62,"46","",645,611,3.77,101,0.984
1998,"OAK",4,162,74,88,"N",804,5490,1413,295,13,149,633,1122,131,"47","",866,770,4.83,141,0.977
1998,"PHI",3,162,75,87,"N",713,5617,1482,286,36,126,508,1080,97,"45","",808,754,4.64,110,0.982
1998,"PIT",6,163,69,93,"N",650,5493,1395,271,35,107,393,1060,159,"51","",718,630,3.91,140,0.977
1998,"SDN",1,162,98,64,"N",749,5490,1390,292,30,167,604,1072,79,"37","",635,587,3.63,104,0.983
1998,"SEA",3,161,76,85,"N",859,5628,1553,321,28,234,558,1081,115,"39","",855,783,4.95,125,0.979
1998,"SFN",2,163,89,74,"N",845,5628,1540,292,26,161,678,1040,102,"51","",739,688,4.19,101,0.984
1998,"SLN",3,163,83,79,"N",810,5593,1444,292,30,223,676,1179,133,"41","",782,705,4.32,142,0.978
1998,"TBA",5,162,63,99,"N",620,5555,1450,267,43,111,473,1107,120,"73","",751,697,4.35,94,0.985
1998,"TEX",1,162,88,74,"N",940,5672,1637,314,32,201,595,1045,82,"47","",871,795,5.0,122,0.98
1998,"TOR",3,163,88,74,"N",816,5580,1482,316,19,221,564,1132,184,"81","",768,698,4.29,125,0.979
1999,"ANA",4,162,70,92,"N",711,5494,1404,248,22,158,511,1022,71,"45","",826,762,4.79,106,0.983
1999,"ARI",1,162,100,62,"N",908,5658,1566,289,46,216,588,1045,137,"39","",676,615,3.77,104,0.983
1999,"ATL",1,162,103,59,"N",840,5569,1481,309,23,197,608,962,148,"66","",661,593,3.63,111,0.982
1999,"BAL",4,162,78,84,"N",851,5637,1572,299,21,203,615,890,107,"46","",815,761,4.77,89,0.986
1999,"BOS",2,162,94,68,"N",836,5579,1551,334,42,176,597,928,67,"39","",718,638,4.0,127,0.979
1999,"CHA",2,162,75,86,"N",777,5644,1563,298,37,162,499,810,110,"50","",870,786,4.92,136,0.977
1999,"CHN",6,162,67,95,"N",747,5482,1411,255,35,189,571,1170,60,"44","",920,837,5.27,139,0.977
1999,"CIN",2,163,96,67,"N",865,5649,1536,312,37,209,569,1125,164,"54","",711,648,3.99,105,0.983
1999,"CLE",1,162,97,65,"N",1009,5634,1629,309,32,209,743,1099,147,"50","",860,789,4.9,106,0.983
1999,"COL",5,162,72,90,"N",906,5716,1644,305,39,223,508,863,70,"43","",1028,955,6.02,118,0.981
1999,"DET",3,161,69,92,"N",747,5481,1433,289,34,212,458,1049,108,"70","",882,817,5.18,106,0.982
1999,"FLO",5,162,64,98,"N",691,5578,1465,266,44,128,479,1145,92,"46","",852,781,4.9,127,0.979
1999,"HOU",1,162,97,65,"N",823,5485,1463,293,23,168,728,1138,166,"75","",675,622,3.84,106,0.983
1999,"KCA",4,161,64,97,"N",856,5624,1584,294,52,151,535,932,127,"39","",921,844,5.35,125,0.98
1999,"LAN",3,162,77,85,"N",793,5567,1480,253,23,187,594,1030,167,"68","",787,718,4.45,137,0.978
1999,"MIL",5,161,74,87,"N",815,5582,1524,299,30,165,658,1065,81,"33","",886,812,5.07,127,0.979
1999,"MIN",5,161,63,97,"N",686,5495,1450,285,30,105,500,978,118,"60","",845,794,5.02,92,0.985
1999,"MON",4,162,68,94,"N",718,5559,1473,320,47,163,438,939,70,"51","",853,747,4.69,160,0.974
1999,"NYA",1,162,98,64,"Y",900,5568,1568,302,36,193,718,978,104,"57","",731,660,4.13,111,0.982
1999,"NYN",2,163,97,66,"N",853,5572,1553,297,14,181,717,994,150,"61","",711,691,4.27,68,0.989
1999,"OAK",2,162,87,75,"N",893,5519,1430,287,20,235,770,1129,70,"37","",846,749,4.69,122,0.98
1999,"PHI",3,162,77,85,"N",841,5598,1539,302,44,161,631,1081,125,"35","",846,788,4.93,100,0.983
1999,"PIT",3,161,78,83,"N",775,5468,1417,282,40,171,573,1197,112,"44","",782,689,4.33,147,0.976
1999,"SDN",4,162,74,88,"N",710,5394,1360,256,22,153,631,1169,174,"67","",781,705,4.47,129,0.979
1999,"SEA",3,162,79,83,"N",859,5572,1499,263,21,244,610,1095,130,"45","",905,834,5.24,113,0.981
1999,"SFN",2,162,86,76,"N",872,5563,1507,307,18,188,696,1028,109,"56","",831,762,4.71,105,0.983
1999,"SLN",4,161,75,86,"N",809,5570,1461,274,27,194,613,1202,134,"48","",838,761,4.74,132,0.978
1999,"TBA",5,162,69,93,"N",772,5586,1531,272,29,145,544,1042,73,"49","",913,805,5.06,135,0.978
1999,"TEX",1,162,95,67,"N",945,5651,1653,304,29,230,611,937,111,"54","",859,809,5.07,119,0.981
1999,"TOR",3,162,84,78,"N",883,5642,1580,337,14,212,578,1077,119,"48","",862,786,4.92,106,0.983
2000,"ANA",3,162,82,80,"N",864,5628,1574,309,34,236,608,1024,93,"52","43",869,805,5.0,134,0.978
2000,"ARI",3,162,85,77,"N",792,5527,1466,282,44,179,535,975,97,"44","58",754,698,4.35,107,0.982
2000,"ATL",1,162,95,67,"N",810,5489,1490,274,26,179,595,1010,148,"56","45",714,648,4.05,129,0.979
2000,"BAL",4,162,74,88,"N",794,5549,1508,310,22,184,558,900,126,"65","54",913,855,5.37,116,0.981
2000,"BOS",2,162,85,77,"N",792,5630,1503,316,32,167,611,1019,43,"30","48",745,683,4.23,109,0.982
2000,"CHA",1,162,95,67,"N",978,5646,1615,325,33,216,591,960,119,"42","61",839,751,4.66,133,0.978
2000,"CHN",6,162,65,97,"N",764,5577,1426,272,23,183,632,1120,93,"37","45",904,849,5.25,100,0.983
2000,"CIN",2,163,85,77,"N",825,5635,1545,302,36,200,559,995,100,"38","58",765,700,4.33,111,0.982
2000,"CLE",2,162,90,72,"N",950,5683,1639,310,30,221,685,1057,113,"34","52",816,775,4.84,72,0.988
2000,"COL",4,162,82,80,"N",968,5660,1664,320,53,161,601,907,131,"61","75",897,835,5.26,94,0.985
2000,"DET",3,162,79,83,"N",823,5644,1553,307,41,177,562,982,83,"38","49",827,755,4.71,105,0.983
2000,"FLO",3,161,79,82,"N",731,5509,1441,274,29,160,540,1184,168,"55","51",797,729,4.59,125,0.98
2000,"HOU",4,162,72,90,"N",938,5570,1547,289,36,249,673,1129,114,"52","61",944,865,5.42,133,0.978
2000,"KCA",4,162,77,85,"N",879,5709,1644,281,27,150,511,840,121,"35","70",930,876,5.48,102,0.983
2000,"LAN",2,162,86,76,"N",798,5481,1408,265,28,211,668,1083,95,"42","46",729,659,4.1,135,0.978
2000,"MIL",3,163,73,89,"N",740,5563,1366,297,25,177,620,1245,72,"44","49",826,755,4.63,118,0.981
2000,"MIN",5,162,69,93,"N",748,5615,1516,325,49,116,556,1021,90,"45","51",880,819,5.14,102,0.983
2000,"MON",4,162,67,95,"N",738,5535,1475,310,35,178,476,1048,58,"48","34",902,812,5.13,132,0.978
2000,"NYA",1,161,87,74,"Y",871,5556,1541,294,25,205,631,1007,99,"48","50",814,753,4.76,109,0.981
2000,"NYN",2,162,94,68,"N",807,5486,1445,281,20,198,675,1037,66,"46","51",738,670,4.16,118,0.98
2000,"OAK",1,161,91,70,"N",947,5560,1501,281,23,239,750,1159,40,"15","44",813,730,4.58,134,0.978
2000,"PHI",5,162,65,97,"N",708,5511,1386,304,40,144,611,1117,102,"30","37",830,763,4.77,100,0.983
2000,"PIT",5,162,69,93,"N",793,5643,1506,320,31,168,564,1032,86,"40","37",888,795,4.94,132,0.979
2000,"SDN",5,162,76,86,"N",752,5560,1413,279,37,157,602,1177,131,"53","43",815,733,4.52,141,0.977
2000,"SEA",2,162,91,71,"N",907,5497,1481,300,26,198,775,1073,122,"56","61",780,720,4.49,99,0.984
2000,"SFN",1,162,97,65,"N",925,5519,1535,304,44,226,709,1032,79,"39","66",747,675,4.21,93,0.985
2000,"SLN",1,162,95,67,"N",887,5478,1481,259,25,235,675,1253,87,"51","53",771,698,4.38,111,0.981
2000,"TBA",5,161,69,92,"N",733,5505,1414,253,22,162,558,1022,90,"46","40",842,773,4.86,118,0.981
2000,"TEX",4,162,71,91,"N",848,5648,1601,330,35,173,580,922,69,"47","48",974,876,5.52,135,0.978
2000,"TOR",3,162,83,79,"N",861,5677,1562,328,21,244,526,1026,89,"34","34",908,821,5.14,100,0.984
2001,"ANA",3,162,75,87,"N",691,5551,1447,275,26,158,494,1001,116,"52","53",730,671,4.2,103,0.983
2001,"ARI",1,162,92,70,"Y",818,5595,1494,284,35,208,587,1052,71,"38","36",677,627,3.87,84,0.986
2001,"ATL",1,162,88,74,"N",729,5498,1432,263,24,174,493,1039,85,"46","52",643,578,3.59,103,0.983
2001,"BAL",4,162,63,98,"N",687,5472,1359,262,24,136,514,989,133,"53","49",829,744,4.67,125,0.979
2001,"BOS",2,161,82,79,"N",772,5605,1493,316,29,198,520,1131,46,"35","41",745,667,4.15,113,0.981
2001,"CHA",3,162,83,79,"N",798,5464,1463,300,29,214,520,998,123,"59","51",795,725,4.55,118,0.981
2001,"CHN",3,162,88,74,"N",777,5406,1409,268,32,194,577,1077,67,"36","53",701,643,4.03,109,0.982
2001,"CIN",5,162,66,96,"N",735,5583,1464,304,22,176,468,1172,103,"54","40",850,765,4.77,138,0.978
2001,"CLE",1,162,91,71,"N",897,5600,1559,294,37,212,577,1076,79,"41","62",821,746,4.64,107,0.982
2001,"COL",5,162,73,89,"N",923,5690,1663,324,61,213,511,1027,132,"54","50",906,841,5.29,96,0.984
2001,"DET",4,162,66,96,"N",724,5537,1439,291,60,139,466,972,133,"61","49",876,795,5.01,131,0.979
2001,"FLO",4,162,76,86,"N",742,5542,1461,325,30,166,470,1145,89,"40","45",744,691,4.32,103,0.983
2001,"HOU",1,162,93,69,"N",847,5528,1500,313,29,208,581,1119,64,"49","56",769,707,4.37,110,0.982
2001,"KCA",5,162,65,97,"N",729,5643,1503,277,37,152,406,898,100,"42","47",858,779,4.87,117,0.981
2001,"LAN",3,162,86,76,"N",758,5493,1399,264,27,206,519,1062,89,"42","44",744,685,4.25,116,0.981
2001,"MIL",4,162,68,94,"N",740,5488,1378,273,30,209,488,1399,66,"36","35",806,740,4.64,103,0.983
2001,"MIN",2,162,85,77,"N",771,5560,1514,328,38,164,495,1083,146,"67","38",766,722,4.51,108,0.982
2001,"MON",5,162,68,94,"N",670,5379,1361,320,28,131,478,1071,101,"51","45",812,745,4.68,108,0.982
2001,"NYA",1,161,95,65,"N",804,5577,1488,289,20,203,519,1035,161,"53","43",713,649,4.02,109,0.982
2001,"NYN",3,162,82,80,"N",642,5459,1361,273,18,147,545,1062,66,"48","35",713,654,4.07,101,0.983
2001,"OAK",2,162,102,60,"N",884,5573,1469,334,22,199,640,1021,68,"29","59",645,583,3.59,125,0.98
2001,"PHI",2,162,86,76,"N",746,5497,1431,295,29,164,551,1125,153,"47","61",719,667,4.15,91,0.985
2001,"PIT",6,162,62,100,"N",657,5398,1333,256,25,161,467,1106,93,"73","35",858,794,5.05,133,0.978
2001,"SDN",4,162,79,83,"N",789,5482,1379,273,26,161,678,1273,129,"44","48",812,724,4.52,145,0.976
2001,"SEA",1,162,116,46,"N",927,5680,1637,310,38,169,614,989,174,"42","70",627,576,3.54,83,0.986
2001,"SFN",2,162,90,72,"N",799,5612,1493,304,40,235,625,1090,57,"42","54",748,680,4.18,118,0.981
2001,"SLN",2,162,93,69,"N",814,5450,1469,274,32,199,529,1089,91,"35","50",684,627,3.93,110,0.982
2001,"TBA",5,162,62,100,"N",672,5524,1426,311,21,121,456,1116,115,"52","25",887,781,4.94,139,0.977
2001,"TEX",4,162,73,89,"N",890,5685,1566,326,23,246,548,1093,97,"32","55",968,913,5.71,114,0.981
2001,"TOR",3,162,80,82,"N",767,5663,1489,287,36,195,470,1094,156,"55","43",753,696,4.28,97,0.985
2002,"ANA",2,162,99,63,"Y",851,5678,1603,333,32,152,462,805,117,"51","64",644,595,3.69,87,0.986
2002,"ARI",1,162,98,64,"N",819,5508,1471,283,41,165,643,1016,92,"46","53",674,630,3.92,89,0.985
2002,"ATL",1,161,101,59,"N",708,5495,1428,280,25,164,558,1028,76,"39","49",565,511,3.13,114,0.982
2002,"BAL",4,162,67,95,"N",667,5491,1353,311,27,165,452,993,110,"48","49",773,719,4.46,91,0.985
2002,"BOS",2,162,93,69,"N",859,5640,1560,348,33,177,545,944,80,"28","53",665,603,3.75,104,0.983
2002,"CHA",2,162,81,81,"N",856,5502,1475,289,29,217,555,952,75,"31","53",798,716,4.53,97,0.984
2002,"CHN",5,162,67,95,"N",706,5496,1351,259,29,200,585,1269,63,"21","39",759,687,4.29,114,0.981
2002,"CIN",3,162,78,84,"N",709,5470,1386,297,21,169,583,1188,116,"52","40",774,690,4.27,120,0.981
2002,"CLE",3,162,74,88,"N",739,5423,1349,255,26,192,542,1000,52,"37","39",837,777,4.91,113,0.981
2002,"COL",4,162,73,89,"N",778,5512,1508,283,41,152,497,1043,103,"53","50",898,825,5.2,112,0.982
2002,"DET",5,161,55,106,"N",575,5406,1340,265,37,124,363,1035,65,"44","57",864,773,4.92,142,0.977
2002,"FLO",4,162,79,83,"N",699,5496,1433,280,32,146,595,1130,177,"73","49",763,706,4.36,106,0.983
2002,"HOU",2,162,84,78,"N",749,5503,1441,291,32,167,589,1120,71,"27","37",695,642,4.0,83,0.986
2002,"KCA",4,162,62,100,"N",737,5535,1415,285,42,140,524,921,140,"65","51",891,834,5.21,130,0.979
2002,"LAN",3,162,92,70,"N",713,5554,1464,286,29,155,428,940,96,"37","44",643,598,3.69,90,0.985
2002,"MIL",6,162,56,106,"N",627,5415,1369,269,29,139,500,1125,94,"50","34",821,752,4.73,103,0.983
2002,"MIN",1,161,94,67,"N",768,5582,1518,348,36,167,472,1089,79,"62","52",712,662,4.12,74,0.987
2002,"MON",2,162,83,79,"N",735,5479,1432,300,36,162,575,1104,118,"64","42",718,641,3.97,139,0.978
2002,"NYA",1,161,103,58,"N",897,5601,1540,314,12,223,640,1171,100,"38","41",697,625,3.87,127,0.979
2002,"NYN",5,161,75,86,"N",690,5496,1409,238,22,160,486,1044,87,"42","30",703,624,3.89,144,0.976
2002,"OAK",1,162,103,59,"N",800,5558,1450,279,28,205,609,1008,46,"20","36",654,593,3.68,102,0.984
2002,"PHI",3,161,80,81,"N",710,5523,1428,325,41,165,640,1095,104,"43","39",724,671,4.17,88,0.986
2002,"PIT",4,161,72,89,"N",641,5330,1300,263,20,142,537,1109,86,"49","41",730,664,4.23,115,0.982
2002,"SDN",5,162,66,96,"N",662,5515,1393,243,29,136,547,1062,71,"44","41",815,737,4.62,128,0.979
2002,"SEA",3,162,93,69,"N",814,5569,1531,285,31,152,629,1003,137,"58","72",699,654,4.07,88,0.985
2002,"SFN",2,162,95,66,"N",783,5497,1465,300,35,198,616,961,74,"21","52",616,566,3.54,90,0.985
2002,"SLN",1,162,97,65,"N",787,5505,1475,285,26,175,542,927,86,"42","49",648,595,3.7,103,0.983
2002,"TBA",5,161,55,106,"N",673,5604,1418,297,35,133,456,1115,102,"45","36",918,846,5.29,126,0.979
2002,"TEX",4,162,72,90,"N",843,5618,1510,304,27,230,554,1055,62,"34","50",882,824,5.15,99,0.984
2002,"TOR",3,162,78,84,"N",813,5581,1457,305,38,187,522,1142,71,"18","57",828,767,4.8,107,0.982
2003,"ANA",3,162,77,85,"N",736,5487,1473,276,33,150,476,838,129,"61","50",743,680,4.28,105,0.982
2003,"ARI",3,162,84,78,"N",717,5570,1467,303,47,152,531,1006,76,"38","52",685,621,3.84,107,0.983
2003,"ATL",1,162,101,61,"N",907,5670,1608,321,31,235,545,933,68,"22","49",740,663,4.1,121,0.981
2003,"BAL",4,163,71,91,"N",743,5665,1516,277,24,152,431,902,89,"36","40",820,767,4.76,105,0.983
2003,"BOS",2,162,95,67,"N",961,5769,1667,371,40,238,620,943,88,"35","64",809,729,4.48,113,0.982
2003,"CHA",2,162,86,76,"N",791,5487,1445,303,19,220,519,916,77,"29","41",715,663,4.17,93,0.984
2003,"CHN",1,162,88,74,"N",724,5519,1431,302,24,172,492,1158,73,"31","46",683,619,3.83,106,0.983
2003,"CIN",5,162,69,93,"N",694,5509,1349,239,21,182,524,1326,80,"34","32",886,818,5.09,141,0.977
2003,"CLE",4,162,68,94,"N",699,5572,1413,296,26,158,466,1062,86,"61","41",778,682,4.21,126,0.98
2003,"COL",4,162,74,88,"N",853,5518,1472,330,31,198,619,1134,63,"37","38",892,821,5.2,116,0.981
2003,"DET",5,162,43,119,"N",591,5466,1312,201,39,153,443,1099,98,"63","49",928,847,5.3,138,0.978
2003,"FLO",2,162,91,71,"Y",751,5490,1459,292,44,157,515,978,150,"74","41",692,648,4.04,78,0.987
2003,"HOU",2,162,87,75,"N",805,5583,1466,308,30,191,557,1021,66,"30","38",677,622,3.86,95,0.985
2003,"KCA",3,162,83,79,"N",836,5568,1526,288,39,162,476,926,120,"42","57",867,808,5.05,108,0.982
2003,"LAN",2,162,85,77,"N",574,5458,1328,260,25,124,407,985,80,"36","28",556,511,3.16,119,0.981
2003,"MIL",6,162,68,94,"N",714,5548,1423,266,24,196,547,1221,99,"39","40",873,810,5.02,114,0.981
2003,"MIN",1,162,90,72,"N",801,5655,1567,318,45,155,512,1027,94,"44","52",758,716,4.41,87,0.985
2003,"MON",4,162,83,79,"N",711,5437,1404,294,25,144,522,990,100,"39","40",716,640,4.01,102,0.983
2003,"NYA",1,163,101,61,"N",877,5605,1518,304,14,230,684,1042,98,"33","35",716,653,4.02,114,0.981
2003,"NYN",5,161,66,95,"N",642,5341,1317,262,24,124,489,1035,70,"31","45",754,704,4.48,118,0.98
2003,"OAK",1,162,96,66,"N",768,5497,1398,317,24,176,556,898,48,"14","53",643,582,3.63,107,0.983
2003,"PHI",3,162,86,76,"N",791,5543,1448,325,27,166,651,1155,72,"29","38",697,648,4.04,97,0.984
2003,"PIT",4,162,75,87,"N",753,5581,1492,275,45,163,529,1049,86,"37","38",801,744,4.64,123,0.98
2003,"SDN",5,162,64,98,"N",678,5531,1442,257,32,128,565,1073,76,"39","42",831,774,4.87,102,0.983
2003,"SEA",2,162,93,69,"N",795,5561,1509,290,33,139,586,989,108,"37","46",637,602,3.76,65,0.989
2003,"SFN",1,161,100,61,"N",755,5456,1440,281,29,180,593,980,53,"37","39",638,595,3.73,80,0.987
2003,"SLN",3,162,85,77,"N",876,5672,1580,342,32,196,580,952,82,"32","54",796,748,4.6,77,0.987
2003,"TBA",5,162,63,99,"N",715,5654,1501,298,38,137,420,1030,142,"42","50",852,787,4.93,103,0.983
2003,"TEX",4,162,71,91,"N",826,5664,1506,274,36,239,488,1052,65,"25","42",969,903,5.67,94,0.985
2003,"TOR",3,162,86,76,"N",894,5661,1580,357,33,190,546,1081,37,"25","56",826,748,4.69,117,0.981
2004,"ANA",1,162,92,70,"N",836,5675,1603,272,37,162,450,942,143,"46","41",734,692,4.28,90,0.985
2004,"ARI",5,162,51,111,"N",615,5544,1401,295,38,135,441,1022,53,"32","37",899,794,4.98,139,0.977
2004,"ATL",1,162,96,66,"N",803,5570,1503,304,37,178,587,1158,86,"32","48",668,603,3.74,116,0.981
2004,"BAL",3,162,78,84,"N",842,5736,1614,319,18,169,528,949,101,"41","62",830,760,4.7,110,0.982
2004,"BOS",2,162,98,64,"Y",949,5720,1613,373,25,222,659,1189,68,"30","55",768,674,4.18,118,0.981
2004,"CHA",2,162,83,79,"N",865,5534,1481,284,19,242,499,1030,78,"51","42",831,782,4.91,100,0.984
2004,"CHN",3,162,89,73,"N",789,5628,1508,308,29,235,489,1080,66,"28","48",665,621,3.81,86,0.986
2004,"CIN",4,162,76,86,"N",750,5518,1380,287,28,194,599,1335,77,"25","25",907,832,5.19,113,0.981
2004,"CLE",3,162,80,82,"N",858,5676,1565,345,29,184,606,1009,94,"55","42",857,784,4.81,106,0.983
2004,"COL",4,162,68,94,"N",833,5577,1531,331,34,202,568,1181,44,"33","37",923,883,5.54,89,0.986
2004,"DET",4,162,72,90,"N",827,5623,1531,284,54,201,518,1144,86,"50","43",844,788,4.93,144,0.977
2004,"FLO",3,162,83,79,"N",718,5486,1447,275,32,148,499,968,96,"43","40",700,655,4.1,86,0.986
2004,"HOU",2,162,92,70,"N",803,5468,1458,294,36,187,590,999,89,"30","52",698,650,4.05,101,0.983
2004,"KCA",5,162,58,104,"N",720,5538,1432,261,29,150,461,1057,67,"48","38",905,813,5.15,131,0.978
2004,"LAN",1,162,93,69,"N",761,5542,1450,226,30,203,536,1092,102,"41","35",684,647,4.01,73,0.988
2004,"MIL",6,161,67,94,"N",634,5483,1358,295,32,135,540,1312,138,"40","40",757,679,4.24,117,0.981
2004,"MIN",1,162,92,70,"N",780,5623,1494,310,24,191,513,982,116,"46","40",715,661,4.03,101,0.984
2004,"MON",5,162,67,95,"N",635,5474,1361,276,27,151,496,925,109,"38","33",769,696,4.33,99,0.984
2004,"NYA",1,162,101,61,"N",897,5527,1483,281,20,242,670,982,84,"33","50",808,752,4.69,99,0.984
2004,"NYN",4,162,71,91,"N",684,5532,1376,289,20,185,512,1159,107,"23","34",731,658,4.09,137,0.978
2004,"OAK",2,162,91,71,"N",793,5728,1545,336,15,189,608,1061,47,"22","43",742,682,4.17,91,0.986
2004,"PHI",2,162,86,76,"N",840,5643,1505,303,23,215,645,1133,100,"27","46",781,724,4.45,81,0.987
2004,"PIT",5,161,72,89,"N",680,5483,1428,267,39,142,415,1066,63,"40","42",744,680,4.29,103,0.983
2004,"SDN",3,162,87,75,"N",768,5573,1521,304,32,139,566,910,52,"25","66",705,645,4.03,108,0.982
2004,"SEA",4,162,63,99,"N",698,5722,1544,276,20,136,492,1058,110,"42","48",823,772,4.76,103,0.983
2004,"SFN",2,162,91,71,"N",850,5546,1500,314,33,183,705,874,43,"23","51",770,695,4.29,101,0.984
2004,"SLN",1,162,105,57,"N",855,5555,1544,319,24,214,548,1085,111,"47","70",659,605,3.75,97,0.985
2004,"TBA",4,161,70,91,"N",714,5483,1416,278,46,145,469,944,132,"42","56",842,757,4.81,119,0.98
2004,"TEX",3,162,89,73,"N",860,5615,1492,323,34,227,500,1099,69,"36","57",794,724,4.53,117,0.981
2004,"TOR",5,161,67,94,"N",719,5531,1438,290,34,145,513,1083,58,"31","42",823,775,4.91,91,0.985
2005,"ARI",2,162,77,85,"N",696,5550,1419,291,27,191,606,1094,67,"26","45",856,783,4.84,94,0.985
2005,"ATL",1,162,90,72,"N",769,5486,1453,308,37,184,534,1084,92,"32","46",674,639,3.98,86,0.986
2005,"BAL",4,162,74,88,"N",729,5551,1492,296,27,189,447,902,83,"37","42",800,724,4.56,107,0.982
2005,"BOS",2,162,95,67,"N",910,5626,1579,339,21,199,653,1044,45,"12","63",805,752,4.74,109,0.982
2005,"CHA",1,162,99,63,"Y",741,5529,1450,253,23,200,435,1002,137,"67","49",645,592,3.61,94,0.985
2005,"CHN",4,162,79,83,"N",703,5584,1506,323,23,194,419,920,65,"39","37",714,671,4.19,101,0.983
2005,"CIN",5,163,73,89,"N",820,5565,1453,335,15,222,611,1303,72,"23","39",889,820,5.15,104,0.983
2005,"CLE",2,162,93,69,"N",790,5609,1522,337,30,207,503,1093,62,"36","50",642,582,3.61,106,0.983
2005,"COL",5,162,67,95,"N",740,5542,1477,280,34,150,509,1103,65,"32","34",862,808,5.13,118,0.981
2005,"DET",4,162,71,91,"N",723,5602,1521,283,45,168,384,1038,66,"28","52",787,719,4.51,110,0.982
2005,"FLO",3,162,83,79,"N",717,5502,1499,306,32,128,512,918,96,"38","50",732,666,4.16,103,0.983
2005,"HOU",2,163,89,73,"N",693,5462,1400,281,32,161,481,1037,115,"44","42",609,563,3.51,89,0.985
2005,"KCA",5,162,56,106,"N",701,5503,1445,289,34,126,424,1008,53,"33","50",935,862,5.49,125,0.979
2005,"LAA",1,162,95,67,"N",761,5624,1520,278,30,147,447,848,161,"57","39",643,598,3.68,87,0.986
2005,"LAN",4,162,71,91,"N",685,5433,1374,284,21,149,541,1094,58,"35","33",755,695,4.38,106,0.983
2005,"MIL",3,162,81,81,"N",726,5448,1413,327,19,175,531,1162,79,"34","38",697,635,3.97,119,0.98
2005,"MIN",3,162,83,79,"N",688,5564,1441,269,32,134,485,978,102,"44","42",662,604,3.71,102,0.984
2005,"NYA",1,162,95,67,"N",886,5624,1552,259,16,229,637,989,84,"27","43",789,718,4.52,95,0.984
2005,"NYN",3,162,83,79,"N",722,5505,1421,279,32,175,486,1075,153,"40","38",648,599,3.76,106,0.983
2005,"OAK",2,162,88,74,"N",772,5627,1476,310,20,155,537,819,31,"22","40",658,594,3.69,88,0.986
2005,"PHI",2,162,88,74,"N",807,5542,1494,282,35,167,639,1083,116,"27","46",726,672,4.21,90,0.985
2005,"PIT",6,162,67,95,"N",680,5573,1445,292,38,139,471,1092,73,"30","49",769,706,4.42,117,0.981
2005,"SDN",1,162,82,80,"N",684,5502,1416,269,39,130,600,977,99,"44","48",726,668,4.13,109,0.982
2005,"SEA",4,162,69,93,"N",699,5507,1408,289,34,130,466,986,102,"47","37",751,712,4.49,86,0.986
2005,"SFN",3,162,75,87,"N",649,5462,1427,299,26,128,431,901,71,"35","44",745,695,4.33,90,0.985
2005,"SLN",1,162,100,62,"N",805,5538,1494,287,26,170,534,947,83,"36","35",634,560,3.49,100,0.984
2005,"TBA",5,162,67,95,"N",750,5552,1519,289,40,157,412,990,151,"49","51",936,851,5.39,124,0.979
2005,"TEX",3,162,79,83,"N",865,5716,1528,311,29,260,495,1112,67,"15","32",858,794,4.96,108,0.982
2005,"TOR",3,162,80,82,"N",775,5581,1480,307,39,136,486,955,72,"35","56",705,653,4.06,95,0.985
2005,"WAS",5,162,81,81,"N",639,5426,1367,311,32,117,491,1090,45,"45","45",673,627,3.87,92,0.985
2006,"ARI",4,162,76,86,"N",773,5645,1506,331,38,160,504,965,76,"30","53",788,727,4.48,104,0.983
2006,"ATL",3,162,79,83,"N",849,5583,1510,312,26,222,526,1169,52,"35","44",805,736,4.6,99,0.984
2006,"BAL",4,162,70,92,"N",768,5610,1556,288,20,164,474,878,121,"32","41",899,843,5.35,102,0.983
2006,"BOS",3,162,86,76,"N",820,5619,1510,327,16,192,672,1056,51,"23","56",825,773,4.83,66,0.989
2006,"CHA",3,162,90,72,"N",868,5657,1586,291,20,236,502,1056,93,"48","57",794,743,4.61,90,0.985
2006,"CHN",6,162,66,96,"N",716,5587,1496,271,46,166,395,928,121,"49","37",834,758,4.74,106,0.982
2006,"CIN",3,162,80,82,"N",749,5515,1419,291,12,217,614,1192,124,"33","38",801,725,4.51,128,0.979
2006,"CLE",4,162,78,84,"N",870,5619,1576,351,27,196,556,1204,55,"23","43",782,698,4.41,118,0.981
2006,"COL",4,162,76,86,"N",813,5562,1504,325,54,157,561,1108,85,"50","45",812,749,4.66,91,0.985
2006,"DET",2,162,95,67,"N",822,5642,1548,294,40,203,430,1133,60,"40","36",675,618,3.84,106,0.983
2006,"FLO",4,162,78,84,"N",758,5502,1454,309,42,182,497,1249,110,"58","42",772,696,4.37,126,0.979
2006,"HOU",2,162,82,80,"N",735,5521,1407,275,27,174,585,1076,79,"36","46",719,666,4.08,80,0.987
2006,"KCA",5,162,62,100,"N",757,5589,1515,335,37,124,474,1040,65,"34","48",971,896,5.65,98,0.984
2006,"LAA",2,162,89,73,"N",766,5609,1539,309,29,159,486,914,148,"57","53",732,652,4.04,124,0.979
2006,"LAN",2,162,88,74,"N",820,5628,1552,307,58,153,601,959,128,"49","48",751,686,4.23,115,0.982
2006,"MIL",4,162,75,87,"N",730,5433,1400,301,20,180,502,1233,71,"37","53",833,763,4.82,117,0.98
2006,"MIN",1,162,96,66,"N",801,5602,1608,275,34,143,490,872,101,"42","55",683,632,3.95,84,0.986
2006,"NYA",1,162,97,65,"N",930,5651,1608,327,21,210,649,1053,139,"35","49",767,708,4.41,104,0.983
2006,"NYN",1,162,97,65,"N",834,5558,1469,323,41,200,547,1071,146,"35","47",731,673,4.14,104,0.983
2006,"OAK",1,162,93,69,"N",771,5500,1429,266,22,175,650,976,61,"20","56",727,679,4.21,84,0.986
2006,"PHI",2,162,85,77,"N",865,5687,1518,294,41,216,626,1203,92,"25","44",812,747,4.6,104,0.983
2006,"PIT",5,162,67,95,"N",691,5558,1462,286,17,141,459,1200,68,"23","49",797,720,4.52,104,0.983
2006,"SDN",1,162,88,74,"N",731,5576,1465,298,38,161,564,1104,123,"31","47",679,629,3.87,92,0.985
2006,"SEA",4,162,78,84,"N",756,5670,1540,266,42,172,404,974,106,"37","38",792,739,4.6,88,0.985
2006,"SFN",3,161,76,85,"N",746,5472,1418,297,52,163,494,891,58,"25","37",790,735,4.63,91,0.985
2006,"SLN",1,161,83,78,"Y",781,5522,1484,292,27,184,531,922,59,"32","40",762,721,4.54,98,0.984
2006,"TBA",5,162,61,101,"N",689,5474,1395,267,33,190,441,1106,134,"52","43",856,782,4.96,116,0.981
2006,"TEX",3,162,80,82,"N",835,5659,1571,357,23,183,505,1061,53,"24","50",784,731,4.6,98,0.984
2006,"TOR",2,162,87,75,"N",809,5596,1591,348,27,199,514,906,65,"33","52",754,694,4.37,99,0.984
2006,"WAS",5,162,71,91,"N",746,5495,1437,322,22,164,594,1156,123,"62","49",872,803,5.03,131,0.978
2007,"ARI",1,162,90,72,"N",712,5398,1350,286,40,171,532,1111,109,"24","58",732,662,4.13,106,0.983
2007,"ATL",3,162,84,78,"N",810,5689,1562,328,27,176,534,1149,64,"30","47",733,665,4.11,107,0.983
2007,"BAL",4,162,69,93,"N",756,5631,1529,306,30,142,500,939,144,"42","47",868,827,5.17,79,0.987
2007,"BOS",1,162,96,66,"Y",867,5589,1561,352,35,166,689,1042,96,"24","54",657,618,3.87,81,0.986
2007,"CHA",4,162,72,90,"N",693,5441,1341,249,20,190,532,1149,78,"45","35",839,763,4.77,108,0.982
2007,"CHN",1,162,85,77,"N",752,5643,1530,340,28,151,500,1054,86,"33","37",690,650,4.04,94,0.984
2007,"CIN",5,162,72,90,"N",783,5607,1496,293,23,204,536,1113,97,"31","46",853,796,4.94,95,0.984
2007,"CLE",1,162,96,66,"N",811,5604,1504,305,27,178,590,1202,72,"41","59",704,658,4.05,92,0.985
2007,"COL",2,163,90,73,"N",860,5691,1591,313,36,171,622,1152,100,"31","44",758,706,4.32,68,0.989
2007,"DET",2,162,88,74,"N",887,5757,1652,352,50,177,474,1054,103,"30","45",797,735,4.57,99,0.984
2007,"FLO",5,162,71,91,"N",790,5627,1504,340,38,201,521,1332,105,"34","42",891,793,4.94,137,0.977
2007,"HOU",4,162,73,89,"N",723,5605,1457,293,30,167,547,1043,65,"33","40",813,761,4.68,103,0.983
2007,"KCA",5,162,69,93,"N",706,5534,1447,300,46,102,428,1069,78,"44","47",778,716,4.48,106,0.982
2007,"LAA",1,162,94,68,"N",822,5554,1578,324,23,123,507,883,139,"55","65",731,674,4.23,101,0.983
2007,"LAN",4,162,82,80,"N",735,5614,1544,276,35,129,511,864,137,"50","55",727,677,4.2,114,0.981
2007,"MIL",2,162,83,79,"N",801,5554,1455,310,37,231,501,1137,96,"32","47",776,708,4.41,109,0.982
2007,"MIN",3,162,79,83,"N",718,5522,1460,273,36,118,512,839,112,"30","45",725,663,4.15,95,0.984
2007,"NYA",2,162,94,68,"N",968,5717,1656,326,32,201,637,991,123,"40","54",777,724,4.49,88,0.985
2007,"NYN",2,162,88,74,"N",804,5605,1543,294,27,177,549,981,200,"46","58",750,687,4.26,101,0.983
2007,"OAK",3,162,76,86,"N",741,5577,1430,295,16,171,664,1119,52,"20","56",758,689,4.28,90,0.985
2007,"PHI",1,162,89,73,"N",892,5688,1558,326,41,213,641,1205,138,"19","52",821,767,4.73,89,0.986
2007,"PIT",6,162,68,94,"N",724,5569,1463,322,31,148,463,1135,68,"30","51",846,793,4.93,83,0.986
2007,"SDN",3,163,89,74,"N",741,5612,1408,322,31,171,557,1229,55,"24","44",666,611,3.7,92,0.985
2007,"SEA",2,162,88,74,"N",794,5684,1629,284,22,153,389,861,81,"30","40",813,754,4.73,90,0.985
2007,"SFN",5,162,71,91,"N",683,5538,1407,267,37,131,532,907,119,"33","36",720,677,4.19,88,0.986
2007,"SLN",3,162,78,84,"N",725,5529,1513,279,13,141,506,909,56,"33","54",829,741,4.65,121,0.98
2007,"TBA",5,162,66,96,"N",782,5593,1500,291,36,187,545,1324,131,"48","52",944,879,5.53,117,0.98
2007,"TEX",4,162,75,87,"N",816,5555,1460,298,36,179,503,1224,88,"25","42",844,755,4.75,124,0.98
2007,"TOR",3,162,83,79,"N",753,5536,1434,344,24,165,533,1044,57,"22","48",699,644,4.0,102,0.984
2007,"WAS",4,162,73,89,"N",673,5520,1415,309,31,123,524,1128,69,"23","41",783,736,4.58,109,0.982
2008,"ARI",2,162,82,80,"N",720,5409,1355,318,47,159,587,1287,58,"23","43",706,635,3.98,113,0.981
2008,"ATL",4,162,72,90,"N",753,5604,1514,316,33,130,618,1023,58,"27","34",778,714,4.46,107,0.983
2008,"BAL",5,161,68,93,"N",782,5559,1486,322,30,172,533,990,81,"37","48",869,810,5.13,100,0.983
2008,"BOS",2,162,95,67,"N",845,5596,1565,353,33,173,646,1068,120,"35","62",694,645,4.01,85,0.986
2008,"CHA",1,163,89,74,"N",811,5553,1458,296,13,235,540,1016,67,"34","47",729,658,4.06,108,0.983
2008,"CHN",1,161,97,64,"N",855,5588,1552,329,21,184,636,1186,87,"34","45",671,624,3.87,99,0.983
2008,"CIN",5,162,74,88,"N",704,5465,1351,269,24,187,560,1125,85,"47","41",800,729,4.55,114,0.981
2008,"CLE",3,162,81,81,"N",805,5543,1455,339,22,171,560,1213,77,"29","49",761,711,4.45,94,0.985
2008,"COL",3,162,74,88,"N",747,5557,1462,310,28,160,570,1209,141,"37","38",822,766,4.77,96,0.985
2008,"DET",5,162,74,88,"N",821,5641,1529,293,41,200,572,1076,63,"31","44",857,786,4.9,113,0.981
2008,"FLO",3,161,84,77,"N",770,5499,1397,302,28,208,543,1371,76,"28","46",767,707,4.43,117,0.98
2008,"HOU",3,161,86,75,"N",712,5451,1432,284,22,167,449,1051,114,"52","41",743,691,4.36,67,0.989
2008,"KCA",4,162,75,87,"N",691,5608,1507,303,28,120,392,1005,79,"38","36",781,720,4.48,96,0.984
2008,"LAA",1,162,100,62,"N",765,5540,1486,274,25,159,481,987,129,"48","50",697,644,3.99,91,0.985
2008,"LAN",1,162,84,78,"N",700,5506,1455,271,29,137,543,1032,126,"43","38",648,591,3.68,101,0.984
2008,"MIL",2,162,90,72,"N",750,5535,1398,324,35,198,550,1203,108,"38","43",689,623,3.85,101,0.984
2008,"MIN",2,163,88,75,"N",829,5641,1572,298,49,111,529,979,102,"42","72",745,675,4.16,108,0.982
2008,"NYA",3,162,89,73,"N",789,5572,1512,289,20,180,535,1015,118,"39","39",727,685,4.28,83,0.986
2008,"NYN",2,162,89,73,"N",799,5606,1491,274,38,172,619,1024,138,"36","49",715,662,4.07,83,0.986
2008,"OAK",3,161,75,86,"N",646,5451,1318,270,23,125,574,1226,88,"21","35",690,640,4.01,98,0.984
2008,"PHI",1,162,92,70,"Y",799,5509,1407,291,36,214,586,1117,136,"25","40",680,625,3.88,90,0.985
2008,"PIT",6,162,67,95,"N",735,5628,1454,314,21,153,474,1039,57,"19","51",884,822,5.08,107,0.983
2008,"SDN",5,162,63,99,"N",637,5568,1390,264,27,154,518,1259,36,"17","46",764,714,4.41,85,0.986
2008,"SEA",4,162,61,101,"N",671,5643,1498,285,20,124,417,890,90,"32","42",811,754,4.73,99,0.984
2008,"SFN",4,162,72,90,"N",640,5543,1452,311,37,94,452,1044,108,"46","44",759,701,4.38,96,0.983
2008,"SLN",4,162,86,76,"N",779,5636,1585,283,26,174,577,985,73,"32","44",725,677,4.19,85,0.986
2008,"TBA",1,162,97,65,"N",774,5541,1443,284,37,180,626,1224,142,"50","52",671,618,3.82,90,0.985
2008,"TEX",2,162,79,83,"N",901,5728,1619,376,35,194,595,1207,81,"25","54",967,860,5.37,132,0.978
2008,"TOR",4,162,86,76,"N",714,5503,1453,303,32,126,521,938,80,"27","56",610,561,3.49,84,0.986
2008,"WAS",5,161,59,102,"N",641,5491,1376,269,26,117,534,1095,81,"43","36",825,742,4.66,123,0.98
2009,"ARI",5,162,70,92,"N",720,5565,1408,307,45,173,571,1298,102,"40","41",782,711,4.42,124,0.98
2009,"ATL",3,162,86,76,"N",735,5539,1459,300,20,149,602,1064,58,"26","47",641,581,3.57,96,0.985
2009,"BAL",5,162,64,98,"N",741,5618,1508,307,19,160,517,1013,76,"37","46",876,817,5.15,90,0.985
2009,"BOS",2,162,95,67,"N",872,5543,1495,335,25,212,659,1120,126,"39","51",736,695,4.35,82,0.986
2009,"CHA",3,162,79,83,"N",724,5463,1410,246,20,184,534,1022,113,"49","39",732,663,4.14,113,0.981
2009,"CHN",2,161,83,78,"N",707,5486,1398,293,29,161,592,1185,56,"34","42",672,616,3.84,105,0.983
2009,"CIN",4,162,78,84,"N",673,5462,1349,280,25,158,531,1129,96,"40","41",723,677,4.18,89,0.985
2009,"CLE",4,162,65,97,"N",773,5568,1468,314,28,161,582,1211,84,"31","50",865,806,5.06,97,0.984
2009,"COL",2,162,92,70,"N",804,5398,1408,300,50,190,660,1277,106,"55","60",715,675,4.22,87,0.986
2009,"DET",2,163,86,77,"N",743,5540,1443,245,35,183,540,1114,72,"33","39",745,690,4.29,88,0.985
2009,"FLO",2,162,87,75,"N",772,5572,1493,296,25,159,568,1226,75,"35","39",766,690,4.29,106,0.982
2009,"HOU",5,162,74,88,"N",643,5436,1415,270,32,142,448,990,113,"44","45",770,722,4.54,78,0.987
2009,"KCA",4,162,65,97,"N",686,5532,1432,276,51,144,457,1091,88,"29","32",842,765,4.83,117,0.98
2009,"LAA",1,162,97,65,"N",883,5622,1604,293,33,173,547,1054,148,"63","52",761,715,4.45,85,0.986
2009,"LAN",1,162,95,67,"N",780,5592,1511,278,39,145,607,1068,116,"48","44",611,558,3.41,83,0.986
2009,"MIL",3,162,80,82,"N",785,5510,1447,281,37,182,610,1231,68,"37","47",818,770,4.83,98,0.984
2009,"MIN",1,163,87,76,"N",817,5608,1539,271,40,172,585,1021,85,"32","57",765,726,4.5,76,0.987
2009,"NYA",1,162,103,59,"Y",915,5660,1604,325,21,244,663,1014,111,"28","39",753,687,4.26,86,0.985
2009,"NYN",4,162,70,92,"N",671,5453,1472,295,49,95,526,928,122,"44","55",757,705,4.45,97,0.984
2009,"OAK",4,162,75,87,"N",759,5584,1464,307,21,135,527,1046,133,"48","54",761,685,4.26,105,0.983
2009,"PHI",1,162,93,69,"N",820,5578,1439,312,35,224,589,1155,119,"28","45",709,673,4.16,76,0.987
2009,"PIT",6,161,62,99,"N",636,5417,1364,289,34,125,499,1142,90,"32","36",768,723,4.59,73,0.988
2009,"SDN",4,162,75,87,"N",638,5425,1315,265,31,141,586,1182,82,"29","36",769,704,4.37,94,0.984
2009,"SEA",3,162,85,77,"N",640,5543,1430,280,19,160,421,1093,89,"33","44",692,625,3.87,105,0.982
2009,"SFN",3,162,88,74,"N",657,5493,1411,275,43,122,392,1158,78,"28","55",611,571,3.55,88,0.985
2009,"SLN",1,162,91,71,"N",730,5465,1436,294,29,160,528,1041,75,"31","43",640,586,3.66,96,0.985
2009,"TBA",3,162,84,78,"N",803,5462,1434,297,36,199,642,1229,194,"61","45",754,686,4.33,98,0.983
2009,"TEX",2,162,87,75,"N",784,5526,1436,296,27,224,472,1253,149,"36","51",740,698,4.38,106,0.982
2009,"TOR",4,162,75,87,"N",798,5696,1516,339,13,209,548,1028,73,"23","49",771,720,4.47,76,0.988
2009,"WAS",5,162,59,103,"N",710,5493,1416,271,38,156,617,1208,73,"40","42",874,791,5.0,143,0.977
2010,"ARI",5,162,65,97,"N",713,5473,1366,301,34,180,589,1529,86,"41","41",836,765,4.81,102,0.983
2010,"ATL",2,162,91,71,"N",738,5463,1411,312,25,139,634,1140,63,"29","35",629,569,3.56,126,0.98
2010,"BAL",5,162,66,96,"N",613,5554,1440,264,21,133,424,1056,76,"34","45",785,733,4.59,105,0.982
2010,"BOS",3,162,89,73,"N",818,5646,1511,358,22,211,587,1140,68,"17","46",744,679,4.2,111,0.982
2010,"CHA",2,162,88,74,"N",752,5484,1467,263,21,177,467,922,160,"74","38",704,658,4.09,103,0.983
2010,"CHN",5,162,75,87,"N",685,5512,1414,298,27,149,479,1236,55,"31","38",767,668,4.18,126,0.979
2010,"CIN",1,162,91,71,"N",790,5579,1515,293,30,188,522,1218,93,"43","50",685,648,4.01,72,0.988
2010,"CLE",4,162,69,93,"N",646,5487,1362,290,20,128,545,1184,91,"33","33",752,684,4.3,110,0.982
2010,"COL",3,162,83,79,"N",770,5530,1452,270,54,173,585,1274,99,"41","47",717,663,4.14,101,0.984
2010,"DET",3,162,81,81,"N",751,5643,1515,308,32,152,546,1147,69,"30","41",743,690,4.3,109,0.982
2010,"FLO",3,162,80,82,"N",719,5531,1403,294,37,152,514,1375,92,"26","43",717,652,4.08,123,0.979
2010,"HOU",4,162,76,86,"N",611,5452,1348,252,25,108,415,1025,100,"36","29",729,654,4.09,103,0.983
2010,"KCA",5,162,67,95,"N",676,5604,1534,279,31,121,471,905,115,"50","53",845,794,4.97,121,0.98
2010,"LAA",3,162,80,82,"N",681,5488,1363,276,19,155,466,1070,104,"52","37",702,651,4.04,113,0.981
2010,"LAN",4,162,80,82,"N",667,5426,1368,270,29,120,533,1184,92,"50","50",692,643,4.01,98,0.984
2010,"MIL",3,162,77,85,"N",750,5606,1471,293,33,182,546,1216,81,"26","35",804,733,4.58,101,0.983
2010,"MIN",1,162,94,68,"N",781,5568,1521,318,41,142,559,967,68,"28","53",671,638,3.95,78,0.987
2010,"NYA",2,162,95,67,"N",859,5567,1485,275,32,201,662,1136,103,"30","44",693,651,4.06,69,0.988
2010,"NYN",4,162,79,83,"N",656,5465,1361,266,40,128,502,1095,130,"44","57",652,597,3.7,87,0.986
2010,"OAK",2,162,81,81,"N",663,5448,1396,276,30,109,527,1061,156,"38","51",626,566,3.56,99,0.984
2010,"PHI",1,162,97,65,"N",772,5581,1451,290,34,166,560,1064,108,"21","43",640,594,3.67,83,0.986
2010,"PIT",6,162,57,105,"N",587,5386,1303,276,27,126,463,1207,87,"36","33",866,784,5.0,127,0.979
2010,"SDN",2,162,90,72,"N",665,5434,1338,236,24,132,538,1183,124,"50","46",581,549,3.39,72,0.988
2010,"SEA",4,162,61,101,"N",513,5409,1274,227,16,101,459,1184,142,"39","40",698,628,3.93,110,0.982
2010,"SFN",1,162,92,70,"Y",697,5488,1411,284,30,162,487,1099,55,"32","41",583,546,3.36,73,0.988
2010,"SLN",2,162,86,76,"N",736,5542,1456,285,18,150,541,1027,79,"41","40",641,577,3.57,99,0.984
2010,"TBA",1,162,96,66,"N",802,5439,1343,295,37,160,672,1292,172,"47","57",649,611,3.78,85,0.986
2010,"TEX",1,162,90,72,"N",787,5635,1556,268,25,162,511,986,123,"48","54",687,636,3.93,105,0.982
2010,"TOR",4,162,85,77,"N",755,5495,1364,319,21,257,471,1164,58,"20","34",728,676,4.22,92,0.985
2010,"WAS",5,162,69,93,"N",655,5418,1355,250,31,149,503,1220,110,"41","47",742,658,4.13,127,0.979
2011,"ARI",1,162,94,68,"N",731,5421,1357,293,37,172,531,1249,133,"55","33",662,609,3.8,90,0.985
2011,"ATL",2,162,89,73,"N",641,5528,1345,244,16,173,504,1260,77,"44","30",605,572,3.48,83,0.987
2011,"BAL",5,162,69,93,"N",708,5585,1434,273,13,191,452,1120,81,"25","43",860,786,4.89,110,0.982
2011,"BOS",3,162,90,72,"N",875,5710,1600,352,35,203,578,1108,102,"42","50",737,680,4.2,92,0.985
2011,"CHA",3,162,79,83,"N",654,5502,1387,252,16,154,475,989,81,"53","46",706,665,4.1,79,0.987
2011,"CHN",5,162,71,91,"N",654,5549,1423,285,36,148,425,1202,69,"23","35",756,690,4.33,134,0.978
2011,"CIN",3,162,79,83,"N",735,5612,1438,264,19,183,535,1250,97,"50","40",720,678,4.16,91,0.985
2011,"CLE",2,162,80,82,"N",704,5509,1380,290,26,154,494,1269,89,"42","43",760,683,4.23,110,0.982
2011,"COL",4,162,73,89,"N",735,5544,1429,274,40,163,555,1201,118,"42","44",774,713,4.43,98,0.984
2011,"DET",1,162,95,67,"N",787,5563,1540,297,34,169,521,1143,49,"20","58",711,647,4.04,103,0.983
2011,"FLO",5,162,72,90,"N",625,5508,1358,274,30,149,542,1244,95,"41","42",702,640,3.95,93,0.985
2011,"HOU",6,162,56,106,"N",615,5598,1442,309,28,95,401,1164,118,"33","37",796,719,4.51,116,0.981
2011,"KCA",4,162,71,91,"N",730,5672,1560,325,41,129,442,1006,153,"58","57",762,716,4.44,95,0.985
2011,"LAA",2,162,86,76,"N",667,5513,1394,289,34,155,442,1086,135,"52","32",633,581,3.57,93,0.985
2011,"LAN",3,161,82,79,"N",644,5436,1395,237,28,117,498,1087,126,"40","43",612,563,3.54,85,0.986
2011,"MIL",1,162,96,66,"N",721,5447,1422,276,31,185,481,1083,94,"31","44",638,582,3.63,111,0.982
2011,"MIN",5,162,63,99,"N",619,5487,1357,259,25,103,440,1048,92,"39","25",804,724,4.58,119,0.98
2011,"NYA",1,162,97,65,"N",867,5518,1452,267,33,222,627,1138,147,"46","51",657,605,3.73,102,0.983
2011,"NYN",4,162,77,85,"N",718,5600,1477,309,39,108,571,1085,130,"35","48",742,674,4.19,116,0.981
2011,"OAK",3,162,74,88,"N",645,5452,1330,280,29,114,509,1094,117,"43","57",679,597,3.71,124,0.979
2011,"PHI",1,162,102,60,"N",713,5579,1409,258,38,153,539,1024,96,"24","38",529,495,3.02,74,0.988
2011,"PIT",4,162,72,90,"N",610,5421,1325,277,35,107,489,1308,108,"52","44",712,650,4.04,112,0.982
2011,"SDN",5,162,71,91,"N",593,5417,1284,247,42,91,501,1320,170,"44","47",611,551,3.42,94,0.985
2011,"SEA",4,162,67,95,"N",556,5421,1263,253,22,109,435,1280,125,"40","41",675,621,3.9,108,0.982
2011,"SFN",2,162,86,76,"N",570,5486,1327,282,24,121,448,1122,85,"51","43",578,522,3.2,104,0.983
2011,"SLN",2,162,90,72,"Y",762,5532,1513,308,22,162,542,978,57,"39","40",692,608,3.74,116,0.982
2011,"TBA",2,162,91,71,"N",707,5436,1324,273,37,172,571,1193,155,"62","35",614,577,3.58,73,0.988
2011,"TEX",1,162,96,66,"N",855,5659,1599,310,32,210,475,930,143,"45","49",677,607,3.79,114,0.981
2011,"TOR",4,162,81,81,"N",743,5559,1384,285,34,186,525,1184,131,"52","47",761,700,4.32,110,0.982
2011,"WAS",3,161,80,81,"N",624,5441,1319,257,22,154,470,1323,106,"38","32",643,577,3.58,104,0.983
2012,"ARI",3,162,81,81,"N",734,5462,1416,307,33,165,539,1266,93,"51","45",688,626,3.93,90,0.985
2012,"ATL",2,162,94,68,"N",700,5425,1341,263,30,149,567,1289,101,"32","46",600,549,3.42,86,0.986
2012,"BAL",2,162,93,69,"N",712,5560,1375,270,16,214,480,1315,58,"29","30",705,642,3.9,106,0.983
2012,"BOS",5,162,69,93,"N",734,5604,1459,339,16,165,428,1197,97,"31","55",806,754,4.7,101,0.983
2012,"CHA",2,162,85,77,"N",748,5518,1409,228,29,211,461,1203,109,"43","36",676,646,4.02,70,0.988
2012,"CHN",5,162,61,101,"N",613,5411,1297,265,36,137,447,1235,94,"45","24",759,708,4.51,105,0.982
2012,"CIN",1,162,97,65,"N",669,5477,1377,296,30,172,481,1266,87,"27","37",588,540,3.34,89,0.985
2012,"CLE",4,162,68,94,"N",667,5525,1385,266,24,136,555,1087,110,"44","39",845,766,4.78,96,0.984
2012,"COL",5,162,64,98,"N",758,5577,1526,306,52,166,450,1213,100,"40","39",890,824,5.22,122,0.98
2012,"DET",1,162,88,74,"N",726,5476,1467,279,39,163,511,1103,59,"23","39",670,596,3.75,99,0.983
2012,"HOU",6,162,55,107,"N",583,5407,1276,238,28,146,463,1365,105,"46","30",794,721,4.56,118,0.981
2012,"KCA",3,162,72,90,"N",676,5636,1492,295,37,131,404,1032,132,"38","41",746,693,4.3,113,0.981
2012,"LAA",3,162,89,73,"N",767,5536,1518,273,22,187,449,1113,134,"33","41",699,640,4.02,98,0.984
2012,"LAN",2,162,86,76,"N",637,5438,1369,269,23,116,481,1156,104,"44","38",597,538,3.34,98,0.984
2012,"MIA",5,162,69,93,"N",609,5437,1327,261,39,137,484,1228,149,"41","40",724,655,4.09,103,0.983
2012,"MIL",3,162,83,79,"N",776,5557,1442,300,39,202,466,1240,158,"39","35",733,682,4.22,99,0.983
2012,"MIN",5,162,66,96,"N",701,5562,1448,270,30,131,505,1069,135,"37","56",832,762,4.77,107,0.983
2012,"NYA",1,162,95,67,"N",804,5524,1462,280,13,245,565,1176,93,"27","49",668,617,3.84,75,0.987
2012,"NYN",4,162,74,88,"N",650,5450,1357,286,21,139,503,1250,79,"38","30",709,651,4.09,101,0.983
2012,"OAK",1,162,94,68,"N",713,5527,1315,267,32,195,550,1387,122,"32","34",614,569,3.48,111,0.982
2012,"PHI",3,162,81,81,"N",684,5544,1414,271,28,158,454,1094,116,"23","39",680,618,3.83,101,0.983
2012,"PIT",4,162,79,83,"N",651,5412,1313,241,37,170,444,1354,73,"52","45",674,615,3.86,112,0.982
2012,"SDN",4,162,76,86,"N",651,5422,1339,272,43,121,539,1238,155,"46","34",710,640,4.01,121,0.98
2012,"SEA",4,162,75,87,"N",619,5494,1285,241,27,149,466,1259,104,"35","35",651,608,3.76,72,0.988
2012,"SFN",1,162,94,68,"Y",718,5558,1495,287,57,103,483,1097,118,"39","61",649,593,3.68,115,0.981
2012,"SLN",2,162,88,74,"N",765,5622,1526,290,37,159,533,1192,91,"37","49",648,603,3.71,107,0.983
2012,"TBA",3,162,90,72,"N",697,5398,1293,250,30,175,571,1323,134,"44","42",577,518,3.19,114,0.981
2012,"TEX",2,162,93,69,"N",808,5590,1526,303,32,200,478,1103,91,"44","53",707,639,3.99,85,0.986
2012,"TOR",4,162,73,89,"N",716,5487,1346,247,22,198,473,1251,123,"41","45",784,745,4.64,101,0.984
2012,"WAS",1,162,98,64,"N",731,5615,1468,301,25,194,479,1325,105,"35","36",594,543,3.33,94,0.985
2013,"ARI",2,162,81,81,"N",685,5676,1468,302,31,130,519,1142,62,"41","43",695,651,3.92,75,0.988
2013,"ATL",1,162,96,66,"N",688,5441,1354,247,21,181,542,1384,64,"31","35",548,512,3.18,85,0.986
2013,"BAL",3,162,85,77,"N",745,5620,1460,298,14,212,416,1125,79,"29","45",709,678,4.2,54,0.991
2013,"BOS",1,162,97,65,"Y",853,5651,1566,363,29,178,581,1308,123,"19","50",656,613,3.79,80,0.987
2013,"CHA",5,162,63,99,"N",598,5563,1385,237,19,148,411,1207,105,"42","48",723,643,3.98,121,0.98
2013,"CHN",5,162,66,96,"N",602,5498,1307,297,18,172,439,1230,63,"32","30",689,643,4.0,100,0.983
2013,"CIN",3,162,90,72,"N",698,5499,1370,274,20,155,585,1245,67,"35","46",589,554,3.38,76,0.988
2013,"CLE",2,162,92,70,"N",745,5465,1391,290,23,171,562,1283,117,"36","56",662,611,3.82,98,0.983
2013,"COL",5,162,74,88,"N",706,5599,1511,283,36,159,427,1204,112,"32","35",760,708,4.44,90,0.986
2013,"DET",1,162,93,69,"N",796,5735,1625,292,23,176,531,1073,35,"20","47",624,587,3.61,76,0.987
2013,"HOU",5,162,51,111,"N",610,5457,1307,266,16,148,426,1535,110,"61","38",848,766,4.79,125,0.979
2013,"KCA",3,162,86,76,"N",648,5549,1443,254,34,112,422,1048,153,"32","42",601,555,3.45,85,0.986
2013,"LAA",3,162,78,84,"N",733,5588,1476,270,39,164,523,1221,82,"34","64",737,685,4.23,112,0.981
2013,"LAN",1,162,92,70,"N",649,5491,1447,281,17,138,476,1146,78,"28","48",582,524,3.25,109,0.982
2013,"MIA",5,162,62,100,"N",513,5449,1257,219,31,95,432,1232,78,"29","26",646,602,3.71,88,0.986
2013,"MIL",4,162,74,88,"N",640,5474,1381,238,43,157,407,1183,142,"50","35",687,615,3.84,114,0.981
2013,"MIN",4,162,66,96,"N",614,5564,1346,285,15,151,533,1430,52,"33","32",788,733,4.55,81,0.987
2013,"NYA",4,162,85,77,"N",650,5449,1321,247,24,144,466,1214,115,"31","36",671,633,3.94,69,0.988
2013,"NYN",4,162,74,88,"N",619,5559,1318,263,32,130,512,1384,114,"35","32",684,618,3.77,93,0.985
2013,"OAK",1,162,96,66,"N",767,5521,1403,301,25,186,573,1178,74,"28","49",625,574,3.56,97,0.983
2013,"PHI",4,162,73,89,"N",610,5456,1355,255,32,140,417,1205,73,"29","31",749,689,4.32,97,0.984
2013,"PIT",2,162,94,68,"N",634,5486,1346,273,35,161,469,1330,94,"42","29",577,533,3.26,106,0.984
2013,"SDN",3,162,76,86,"N",618,5517,1349,246,26,146,467,1309,118,"34","34",700,643,3.98,83,0.986
2013,"SEA",4,162,71,91,"N",624,5558,1318,249,17,188,529,1353,49,"23","28",754,702,4.31,88,0.986
2013,"SFN",4,162,76,86,"N",629,5552,1446,280,35,107,469,1078,67,"26","42",691,643,4.0,107,0.982
2013,"SLN",1,162,97,65,"N",783,5557,1494,322,20,125,481,1110,45,"22","44",596,555,3.42,75,0.988
2013,"TBA",2,163,92,71,"N",700,5538,1421,296,23,165,589,1171,73,"38","55",646,608,3.74,59,0.99
2013,"TEX",2,163,91,72,"N",730,5585,1465,262,23,176,462,1067,149,"46","42",636,589,3.62,86,0.986
2013,"TOR",5,162,74,88,"N",712,5537,1398,273,24,185,510,1123,112,"41","38",756,685,4.25,111,0.982
2013,"WAS",2,162,86,76,"N",656,5436,1365,259,27,161,464,1192,88,"28","39",626,576,3.59,107,0.982
2014,"ARI",5,162,64,98,"N",615,5552,1379,259,47,118,398,1165,86,"33","36",742,683,4.26,101,0.983
2014,"ATL",2,162,79,83,"N",573,5468,1316,240,22,123,472,1369,95,"33","27",597,547,3.38,85,0.986
2014,"BAL",1,162,96,66,"N",705,5596,1434,264,16,211,401,1285,44,"20","36",593,557,3.43,87,0.986
2014,"BOS",5,162,71,91,"N",634,5551,1355,282,20,123,535,1337,63,"25","52",715,653,4.01,92,0.985
2014,"CHA",4,162,73,89,"N",660,5543,1400,279,32,155,417,1362,85,"36","38",758,687,4.29,107,0.982
2014,"CHN",5,162,73,89,"N",614,5508,1315,270,31,157,442,1477,65,"40","41",707,636,3.91,103,0.983
2014,"CIN",4,162,76,86,"N",595,5395,1282,254,20,131,415,1252,122,"52","37",612,576,3.59,72,0.988
2014,"CLE",3,162,85,77,"N",669,5575,1411,284,23,142,504,1189,104,"27","49",653,581,3.56,116,0.981
2014,"COL",4,162,66,96,"N",755,5612,1551,307,41,186,397,1281,85,"48","48",818,770,4.84,106,0.983
2014,"DET",1,162,90,72,"N",757,5630,1557,325,26,155,443,1144,106,"41","61",705,648,4.01,101,0.983
2014,"HOU",4,162,70,92,"N",629,5447,1317,240,19,163,495,1442,122,"37","36",723,657,4.11,106,0.983
2014,"KCA",2,162,89,73,"N",651,5545,1456,286,29,95,380,985,153,"36","47",624,565,3.51,104,0.983
2014,"LAA",1,162,98,64,"N",773,5652,1464,304,31,155,492,1266,81,"39","54",630,590,3.58,83,0.986
2014,"LAN",1,162,94,68,"N",718,5560,1476,302,38,134,519,1246,138,"50","43",617,554,3.4,107,0.983
2014,"MIA",4,162,77,85,"N",645,5538,1399,254,36,122,501,1419,58,"21","39",674,613,3.78,97,0.984
2014,"MIL",3,162,82,80,"N",650,5462,1366,297,28,150,423,1197,102,"43","37",657,594,3.67,99,0.984
2014,"MIN",5,162,70,92,"N",715,5567,1412,316,27,128,544,1329,99,"36","44",777,728,4.57,97,0.984
2014,"NYA",2,162,84,78,"N",633,5497,1349,247,26,147,452,1133,112,"26","47",664,605,3.75,92,0.984
2014,"NYN",3,162,79,83,"N",629,5472,1306,275,19,125,516,1264,101,"34","44",618,568,3.49,104,0.983
2014,"OAK",2,162,88,74,"N",729,5545,1354,253,33,146,586,1104,83,"20","43",572,524,3.22,111,0.982
2014,"PHI",5,162,73,89,"N",619,5603,1356,251,27,125,443,1306,109,"26","37",687,619,3.79,83,0.987
2014,"PIT",2,162,88,74,"N",682,5536,1436,275,30,156,520,1244,104,"47","35",631,562,3.47,109,0.983
2014,"SDN",3,162,77,85,"N",535,5294,1199,224,30,109,468,1294,91,"34","45",577,523,3.27,101,0.983
2014,"SEA",3,162,87,75,"N",634,5450,1328,247,32,136,396,1232,96,"42","34",554,512,3.17,82,0.986
2014,"SFN",2,162,88,74,"Y",665,5523,1407,257,42,132,427,1245,56,"27","49",614,564,3.5,100,0.984
2014,"SLN",1,162,90,72,"N",619,5426,1371,275,21,105,471,1133,57,"32","39",603,564,3.5,88,0.985
2014,"TBA",4,162,77,85,"N",612,5516,1361,263,24,117,527,1124,63,"27","53",625,579,3.56,88,0.985
2014,"TEX",5,162,67,95,"N",637,5460,1400,260,28,111,417,1162,105,"59","45",773,711,4.49,106,0.982
2014,"TOR",3,162,83,79,"N",723,5549,1435,282,24,177,502,1151,78,"21","40",686,642,4.0,87,0.985
2014,"WAS",1,162,96,66,"N",686,5542,1403,265,27,152,517,1304,101,"23","41",555,495,3.03,100,0.984
2015,"ARI",3,162,79,83,"N",720,5649,1494,289,48,154,490,1312,132,"44","57",713,659,4.04,86,0.986
2015,"ATL",4,162,67,95,"N",573,5420,1361,251,18,100,471,1107,69,"33","31",760,698,4.41,90,0.985
2015,"BAL",3,162,81,81,"N",713,5485,1370,246,20,217,418,1331,44,"25","32",693,646,4.05,77,0.987
2015,"BOS",5,162,78,84,"N",748,5640,1495,294,33,161,478,1148,71,"27","42",753,694,4.31,97,0.984
2015,"CHA",4,162,76,86,"N",622,5533,1381,260,27,136,404,1231,68,"42","37",701,643,3.98,101,0.983
2015,"CHN",3,162,97,65,"N",689,5491,1341,272,30,171,567,1518,95,"37","35",608,546,3.36,111,0.982
2015,"CIN",5,162,64,98,"N",640,5571,1382,257,27,167,496,1255,134,"38","40",754,700,4.33,90,0.985
2015,"CLE",3,161,81,80,"N",669,5439,1395,303,29,141,533,1157,86,"28","50",640,584,3.67,79,0.987
2015,"COL",5,162,68,94,"N",737,5572,1479,274,49,186,388,1283,97,"43","34",844,799,5.04,95,0.985
2015,"DET",5,161,74,87,"N",689,5605,1515,289,49,151,455,1259,83,"51","35",803,746,4.64,86,0.986
2015,"HOU",2,162,86,76,"N",729,5459,1363,278,26,230,486,1392,121,"48","43",618,572,3.57,85,0.986
2015,"KCA",1,162,95,67,"Y",724,5575,1497,300,42,139,383,973,104,"34","47",641,601,3.73,88,0.985
2015,"LAA",3,162,85,77,"N",661,5417,1331,243,21,176,435,1150,52,"34","40",675,630,3.94,93,0.984
2015,"LAN",1,162,92,70,"N",667,5385,1346,263,26,187,563,1258,59,"34","30",595,553,3.44,75,0.988
2015,"MIA",3,162,71,91,"N",613,5463,1420,236,40,120,375,1150,112,"45","40",678,638,4.02,77,0.987
2015,"MIL",4,162,68,94,"N",655,5480,1378,274,34,145,412,1299,84,"29","34",737,682,4.28,116,0.981
2015,"MIN",2,162,83,79,"N",696,5467,1349,277,44,156,439,1264,70,"38","41",700,653,4.07,86,0.986
2015,"NYA",2,162,87,75,"N",764,5567,1397,272,19,212,554,1227,63,"25","54",698,652,4.03,93,0.985
2015,"NYN",1,162,90,72,"N",683,5527,1351,295,17,177,488,1290,51,"25","32",613,557,3.43,88,0.986
2015,"OAK",5,162,68,94,"N",694,5600,1405,277,46,146,475,1119,78,"29","38",729,664,4.14,126,0.979
2015,"PHI",5,162,63,99,"N",626,5529,1374,272,37,130,387,1274,88,"32","29",809,749,4.69,117,0.981
2015,"PIT",2,162,98,64,"N",697,5631,1462,292,27,140,461,1322,98,"45","41",596,532,3.21,122,0.981
2015,"SDN",4,162,74,88,"N",650,5457,1324,260,36,148,426,1327,82,"29","42",731,655,4.09,92,0.985
2015,"SEA",4,162,76,86,"N",656,5544,1379,262,22,198,478,1336,69,"45","35",726,677,4.16,94,0.985
2015,"SFN",2,162,84,78,"N",696,5565,1486,288,39,136,457,1159,93,"36","37",627,597,3.72,78,0.987
2015,"SLN",1,162,100,62,"N",647,5484,1386,288,39,137,506,1267,69,"38","42",525,478,2.94,96,0.984
2015,"TBA",4,162,80,82,"N",644,5485,1383,278,32,167,436,1310,87,"45","47",642,604,3.74,95,0.984
2015,"TEX",1,162,88,74,"N",751,5511,1419,279,32,172,503,1233,101,"39","54",733,680,4.24,119,0.981
2015,"TOR",1,162,93,69,"N",891,5509,1480,308,17,232,570,1151,88,"23","62",670,609,3.8,88,0.985
2015,"WAS",2,162,83,79,"N",703,5428,1363,265,13,177,539,1344,57,"23","51",635,577,3.62,90,0.985
2016,"ARI",4,162,69,93,"N",752,5665,1479,285,56,190,463,1427,137,"31","38",890,821,5.09,101,0.983
2016,"ATL",5,161,68,93,"N",649,5514,1404,295,27,122,502,1240,75,"34","52",779,725,4.51,101,0.983
2016,"BAL",2,162,89,73,"N",744,5524,1413,265,6,253,468,1324,19,"13","36",715,671,4.22,80,0.987
2016,"BOS",1,162,93,69,"N",878,5670,1598,343,25,208,558,1160,83,"24","40",694,640,4.0,75,0.987
2016,"CHA",4,162,78,84,"N",686,5550,1428,277,33,168,455,1285,77,"36","44",715,659,4.1,95,0.984
2016,"CHN",1,162,103,58,"Y",808,5503,1409,293,30,199,656,1339,66,"34","37",556,511,3.15,101,0.983
2016,"CIN",5,162,68,94,"N",716,5487,1403,277,33,164,452,1284,139,"51","44",854,786,4.91,102,0.983
2016,"CLE",1,161,94,67,"N",777,5484,1435,308,29,185,531,1246,134,"31","60",676,617,3.84,89,0.985
2016,"COL",3,162,75,87,"N",845,5614,1544,318,47,204,494,1330,66,"39","34",860,779,4.91,110,0.982
2016,"DET",2,161,86,75,"N",750,5526,1476,252,30,211,493,1303,58,"29","38",721,672,4.24,75,0.987
2016,"HOU",3,162,84,78,"N",724,5545,1367,291,29,198,554,1452,102,"44","31",701,663,4.06,77,0.987
2016,"KCA",3,162,81,81,"N",675,5552,1450,264,33,147,382,1224,121,"35","34",712,674,4.21,94,0.984
2016,"LAA",4,162,74,88,"N",717,5431,1410,279,20,156,471,991,73,"34","49",727,676,4.28,97,0.983
2016,"LAN",1,162,91,71,"N",725,5518,1376,272,21,189,525,1321,45,"26","32",638,598,3.7,80,0.986
2016,"MIA",3,161,79,82,"N",655,5547,1460,259,42,128,447,1213,71,"28","38",682,646,4.05,86,0.985
2016,"MIL",4,162,73,89,"N",671,5330,1299,249,19,194,599,1543,181,"56","39",733,650,4.08,136,0.978
2016,"MIN",5,162,59,103,"N",722,5618,1409,288,35,200,513,1426,91,"32","43",889,814,5.08,126,0.979
2016,"NYA",4,162,84,78,"N",680,5458,1378,245,20,183,475,1188,72,"22","49",702,660,4.16,86,0.985
2016,"NYN",2,162,87,75,"N",671,5459,1342,240,19,218,517,1302,42,"18","41",617,574,3.57,90,0.985
2016,"OAK",5,162,69,93,"N",653,5500,1352,270,21,169,442,1145,50,"23","34",761,718,4.51,97,0.984
2016,"PHI",4,162,71,91,"N",610,5434,1305,231,35,161,424,1376,96,"45","30",796,739,4.63,97,0.984
2016,"PIT",3,162,78,83,"N",729,5542,1426,277,32,153,561,1334,110,"45","36",758,679,4.21,111,0.982
2016,"SDN",5,162,68,94,"N",686,5419,1275,257,26,177,449,1500,125,"45","36",770,708,4.43,109,0.982
2016,"SEA",2,162,86,76,"N",768,5583,1446,251,17,223,506,1288,56,"28","41",707,647,4.0,89,0.985
2016,"SFN",2,162,87,75,"N",715,5565,1437,280,54,130,572,1107,79,"36","46",631,593,3.65,72,0.988
2016,"SLN",2,162,86,76,"N",779,5548,1415,299,32,225,526,1318,35,"26","41",712,656,4.08,107,0.983
2016,"TBA",5,162,68,94,"N",672,5481,1333,288,32,216,449,1482,60,"37","28",713,665,4.2,94,0.984
2016,"TEX",1,162,95,67,"N",765,5525,1446,257,23,215,436,1220,99,"36","40",757,700,4.37,97,0.984
2016,"TOR",2,162,89,73,"N",759,5479,1358,276,18,221,632,1362,54,"24","40",666,613,3.78,88,0.986
2016,"WAS",1,162,95,67,"N",763,5490,1403,268,29,203,536,1252,121,"39","63",612,570,3.51,73,0.988
